,file,embedding,id,status,status_id,tsne-3d-one,tsne-3d-two,tsne-3d-three
0,../data/pump/test/normal_id_06_00000093.wav,0,06,normal,normal_06,-4.257493,-112.76185,-107.315414
1,../data/pump/test/normal_id_06_00000087.wav,0,06,normal,normal_06,123.21705,62.57676,6.769144
2,../data/pump/test/normal_id_02_00000058.wav,0,02,normal,normal_02,15.999437,-59.57072,81.410355
3,../data/pump/test/normal_id_02_00000070.wav,0,02,normal,normal_02,24.40698,66.981735,69.74237
4,../data/pump/test/normal_id_02_00000064.wav,0,02,normal,normal_02,-61.908737,27.734724,-93.22609
5,../data/pump/test/normal_id_06_00000050.wav,0,06,normal,normal_06,-100.00336,38.175148,-57.676765
6,../data/pump/test/normal_id_06_00000044.wav,0,06,normal,normal_06,-12.252399,50.64455,122.06136
7,../data/pump/test/normal_id_06_00000078.wav,0,06,normal,normal_06,117.367874,49.091312,39.623573
8,../data/pump/test/anomaly_id_00_00000011.wav,0,00,anomaly,anomaly_00,55.352486,-5.3527513,-45.10906
9,../data/pump/test/anomaly_id_00_00000005.wav,0,00,anomaly,anomaly_00,118.09288,-14.069153,-87.396
10,../data/pump/test/anomaly_id_00_00000039.wav,0,00,anomaly,anomaly_00,26.907955,46.583305,-144.10144
11,../data/pump/test/anomaly_id_04_00000019.wav,0,04,anomaly,anomaly_04,-25.601862,124.07984,-32.779793
12,../data/pump/test/anomaly_id_04_00000031.wav,0,04,anomaly,anomaly_04,5.0895214,73.69082,89.42453
13,../data/pump/test/anomaly_id_04_00000025.wav,0,04,anomaly,anomaly_04,115.79699,-70.52937,68.94748
14,../data/pump/test/anomaly_id_06_00000002.wav,0,06,anomaly,anomaly_06,-80.63709,-50.3055,72.14524
15,../data/pump/test/anomaly_id_06_00000016.wav,0,06,anomaly,anomaly_06,38.109344,65.63518,-18.99079
16,../data/pump/test/anomaly_id_02_00000022.wav,0,02,anomaly,anomaly_02,43.871754,80.53116,5.7303047
17,../data/pump/test/anomaly_id_02_00000036.wav,0,02,anomaly,anomaly_02,-78.8254,58.49903,78.8022
18,../data/pump/test/normal_id_00_00000080.wav,0,00,normal,normal_00,31.794876,-48.283657,63.553375
19,../data/pump/test/normal_id_00_00000094.wav,0,00,normal,normal_00,-46.077065,-12.7799225,77.117615
20,../data/pump/test/normal_id_04_00000063.wav,0,04,normal,normal_04,86.04914,13.069979,-40.73913
21,../data/pump/test/normal_id_04_00000077.wav,0,04,normal,normal_04,-18.97347,150.79005,-39.28376
22,../data/pump/test/normal_id_00_00000043.wav,0,00,normal,normal_00,-125.42012,-31.212233,-14.213929
23,../data/pump/test/normal_id_04_00000088.wav,0,04,normal,normal_04,-1.1735388,87.389694,4.845608
24,../data/pump/test/normal_id_00_00000057.wav,0,00,normal,normal_00,12.566066,14.997867,-71.35857
25,../data/pump/test/normal_id_04_00000089.wav,0,04,normal,normal_04,-114.745834,62.83664,-4.719885
26,../data/pump/test/normal_id_00_00000056.wav,0,00,normal,normal_00,-91.849815,14.682199,-46.049107
27,../data/pump/test/normal_id_00_00000042.wav,0,00,normal,normal_00,58.257343,-108.92415,-87.81168
28,../data/pump/test/normal_id_04_00000076.wav,0,04,normal,normal_04,83.00709,91.21566,-13.474788
29,../data/pump/test/normal_id_04_00000062.wav,0,04,normal,normal_04,60.71826,43.26006,81.87117
30,../data/pump/test/normal_id_00_00000095.wav,0,00,normal,normal_00,-114.504585,83.561966,38.977394
31,../data/pump/test/normal_id_00_00000081.wav,0,00,normal,normal_00,-16.542753,46.23243,-110.73958
32,../data/pump/test/anomaly_id_02_00000037.wav,0,02,anomaly,anomaly_02,46.357777,-32.63206,-87.1967
33,../data/pump/test/anomaly_id_02_00000023.wav,0,02,anomaly,anomaly_02,33.422165,109.78164,97.41045
34,../data/pump/test/anomaly_id_06_00000017.wav,0,06,anomaly,anomaly_06,58.33859,37.729897,-71.86423
35,../data/pump/test/anomaly_id_06_00000003.wav,0,06,anomaly,anomaly_06,3.9706206,-143.90578,-16.309431
36,../data/pump/test/anomaly_id_04_00000024.wav,0,04,anomaly,anomaly_04,-17.36546,133.15765,-7.7532787
37,../data/pump/test/anomaly_id_04_00000030.wav,0,04,anomaly,anomaly_04,30.701248,-1.8477851,-16.176044
38,../data/pump/test/anomaly_id_04_00000018.wav,0,04,anomaly,anomaly_04,136.13074,65.41858,-19.030214
39,../data/pump/test/anomaly_id_00_00000038.wav,0,00,anomaly,anomaly_00,0.7703738,39.069496,29.901909
40,../data/pump/test/anomaly_id_00_00000004.wav,0,00,anomaly,anomaly_00,-38.307835,29.556265,-99.0172
41,../data/pump/test/anomaly_id_00_00000010.wav,0,00,anomaly,anomaly_00,19.944952,-51.703667,-28.460861
42,../data/pump/test/normal_id_06_00000079.wav,0,06,normal,normal_06,2.6009998,141.70735,50.291927
43,../data/pump/test/normal_id_06_00000045.wav,0,06,normal,normal_06,12.6156645,-65.50981,-77.16679
44,../data/pump/test/normal_id_06_00000051.wav,0,06,normal,normal_06,-124.897,89.79451,3.801027
45,../data/pump/test/normal_id_02_00000065.wav,0,02,normal,normal_02,-102.741035,-41.064854,-88.805725
46,../data/pump/test/normal_id_02_00000071.wav,0,02,normal,normal_02,-22.648306,-71.22244,-131.9817
47,../data/pump/test/normal_id_06_00000086.wav,0,06,normal,normal_06,58.71505,1.8481619,-117.85344
48,../data/pump/test/normal_id_02_00000059.wav,0,02,normal,normal_02,-103.35254,2.0256064,7.9372854
49,../data/pump/test/normal_id_06_00000092.wav,0,06,normal,normal_06,120.61057,-28.736744,13.089498
50,../data/pump/test/normal_id_06_00000084.wav,0,06,normal,normal_06,-78.51474,126.64581,7.6887712
51,../data/pump/test/normal_id_06_00000090.wav,0,06,normal,normal_06,59.75013,45.455982,-25.176363
52,../data/pump/test/normal_id_02_00000067.wav,0,02,normal,normal_02,82.5703,-113.97397,31.276283
53,../data/pump/test/normal_id_02_00000073.wav,0,02,normal,normal_02,-31.94077,-142.60434,39.93555
54,../data/pump/test/normal_id_02_00000098.wav,0,02,normal,normal_02,-90.24717,-41.057747,-62.68794
55,../data/pump/test/normal_id_06_00000047.wav,0,06,normal,normal_06,26.748547,28.255056,-5.9361343
56,../data/pump/test/normal_id_06_00000053.wav,0,06,normal,normal_06,51.321766,48.777927,16.20797
57,../data/pump/test/anomaly_id_00_00000006.wav,0,00,anomaly,anomaly_00,8.996091,-42.871418,-92.60449
58,../data/pump/test/anomaly_id_00_00000012.wav,0,00,anomaly,anomaly_00,84.52011,60.880646,14.862328
59,../data/pump/test/anomaly_id_04_00000026.wav,0,04,anomaly,anomaly_04,93.97261,16.24145,-75.04909
60,../data/pump/test/anomaly_id_04_00000032.wav,0,04,anomaly,anomaly_04,-18.024899,-64.253624,83.9336
61,../data/pump/test/anomaly_id_06_00000015.wav,0,06,anomaly,anomaly_06,-66.36082,115.828636,62.438805
62,../data/pump/test/anomaly_id_06_00000001.wav,0,06,anomaly,anomaly_06,75.20889,-33.43752,42.7324
63,../data/pump/test/anomaly_id_06_00000029.wav,0,06,anomaly,anomaly_06,58.56999,-68.730606,12.010135
64,../data/pump/test/anomaly_id_02_00000009.wav,0,02,anomaly,anomaly_02,-48.808052,-73.61902,-26.554928
65,../data/pump/test/anomaly_id_02_00000035.wav,0,02,anomaly,anomaly_02,92.69036,45.644817,-78.622284
66,../data/pump/test/anomaly_id_02_00000021.wav,0,02,anomaly,anomaly_02,50.345444,-78.132256,-41.48258
67,../data/pump/test/normal_id_00_00000097.wav,0,00,normal,normal_00,-140.77965,-0.537495,51.307537
68,../data/pump/test/normal_id_04_00000048.wav,0,04,normal,normal_04,-96.91006,-100.98724,44.47111
69,../data/pump/test/normal_id_00_00000083.wav,0,00,normal,normal_00,-98.99657,115.13045,40.895557
70,../data/pump/test/normal_id_04_00000074.wav,0,04,normal,normal_04,-43.892307,-87.24156,80.260345
71,../data/pump/test/normal_id_04_00000060.wav,0,04,normal,normal_04,-52.69284,93.8515,-104.07135
72,../data/pump/test/normal_id_00_00000054.wav,0,00,normal,normal_00,-10.589917,-92.13618,82.31552
73,../data/pump/test/normal_id_00_00000040.wav,0,00,normal,normal_00,-82.24137,9.314626,-99.2519
74,../data/pump/test/normal_id_00_00000068.wav,0,00,normal,normal_00,-77.98403,-37.70834,124.61063
75,../data/pump/test/normal_id_00_00000069.wav,0,00,normal,normal_00,69.14561,10.146736,39.448822
76,../data/pump/test/normal_id_00_00000041.wav,0,00,normal,normal_00,31.627674,78.72247,119.110794
77,../data/pump/test/normal_id_00_00000055.wav,0,00,normal,normal_00,105.238045,-30.298788,-34.815975
78,../data/pump/test/normal_id_04_00000061.wav,0,04,normal,normal_04,7.685369,-15.0398445,-45.944084
79,../data/pump/test/normal_id_04_00000075.wav,0,04,normal,normal_04,100.36872,72.43994,-7.8404975
80,../data/pump/test/normal_id_00_00000082.wav,0,00,normal,normal_00,17.735767,100.65273,-42.944614
81,../data/pump/test/normal_id_00_00000096.wav,0,00,normal,normal_00,-133.20883,-41.789574,33.734318
82,../data/pump/test/normal_id_04_00000049.wav,0,04,normal,normal_04,9.609551,42.13447,3.0179267
83,../data/pump/test/anomaly_id_02_00000020.wav,0,02,anomaly,anomaly_02,7.959379,-102.19127,24.90006
84,../data/pump/test/anomaly_id_02_00000034.wav,0,02,anomaly,anomaly_02,-72.79866,46.09203,33.050488
85,../data/pump/test/anomaly_id_02_00000008.wav,0,02,anomaly,anomaly_02,7.641342,59.8975,-66.420654
86,../data/pump/test/anomaly_id_06_00000028.wav,0,06,anomaly,anomaly_06,-15.486682,-72.078606,41.53591
87,../data/pump/test/anomaly_id_06_00000000.wav,0,06,anomaly,anomaly_06,77.829834,4.569123,99.74081
88,../data/pump/test/anomaly_id_06_00000014.wav,0,06,anomaly,anomaly_06,45.358425,130.72432,64.96158
89,../data/pump/test/anomaly_id_04_00000033.wav,0,04,anomaly,anomaly_04,49.240532,4.807356,114.2598
90,../data/pump/test/anomaly_id_04_00000027.wav,0,04,anomaly,anomaly_04,100.47078,-0.07050452,-112.39201
91,../data/pump/test/anomaly_id_00_00000013.wav,0,00,anomaly,anomaly_00,-114.22375,-37.58049,92.72209
92,../data/pump/test/anomaly_id_00_00000007.wav,0,00,anomaly,anomaly_00,-24.800028,-14.987081,-53.74276
93,../data/pump/test/normal_id_06_00000052.wav,0,06,normal,normal_06,68.22416,-34.711403,13.281563
94,../data/pump/test/normal_id_02_00000099.wav,0,02,normal,normal_02,8.948015,52.807133,-42.526134
95,../data/pump/test/normal_id_06_00000046.wav,0,06,normal,normal_06,129.38559,-76.15151,32.82511
96,../data/pump/test/normal_id_02_00000072.wav,0,02,normal,normal_02,-81.09902,88.1525,-32.433212
97,../data/pump/test/normal_id_02_00000066.wav,0,02,normal,normal_02,-2.9543417,22.630844,70.55954
98,../data/pump/test/normal_id_06_00000091.wav,0,06,normal,normal_06,71.60263,36.2657,23.683088
99,../data/pump/test/normal_id_06_00000085.wav,0,06,normal,normal_06,-30.949701,-55.47288,57.234737
100,../data/pump/test/normal_id_02_00000062.wav,0,02,normal,normal_02,-71.842064,-70.30448,-9.421857
101,../data/pump/test/normal_id_02_00000076.wav,0,02,normal,normal_02,80.011284,-41.440365,67.593895
102,../data/pump/test/normal_id_06_00000081.wav,0,06,normal,normal_06,-92.00767,75.21091,23.369688
103,../data/pump/test/normal_id_06_00000095.wav,0,06,normal,normal_06,112.7712,-51.193268,39.819633
104,../data/pump/test/normal_id_06_00000042.wav,0,06,normal,normal_06,103.99711,-3.160876,-25.422655
105,../data/pump/test/normal_id_02_00000089.wav,0,02,normal,normal_02,-97.766426,104.64362,11.66007
106,../data/pump/test/normal_id_06_00000056.wav,0,06,normal,normal_06,-57.35363,-15.605194,-27.009287
107,../data/pump/test/anomaly_id_00_00000003.wav,0,00,anomaly,anomaly_00,-11.446743,26.139357,17.201063
108,../data/pump/test/anomaly_id_00_00000017.wav,0,00,anomaly,anomaly_00,11.3871765,96.74425,-120.185875
109,../data/pump/test/anomaly_id_04_00000023.wav,0,04,anomaly,anomaly_04,-44.533985,126.89104,-55.67931
110,../data/pump/test/anomaly_id_04_00000037.wav,0,04,anomaly,anomaly_04,-23.218197,56.817196,20.78449
111,../data/pump/test/anomaly_id_06_00000038.wav,0,06,anomaly,anomaly_06,-71.11276,-97.56065,-27.406878
112,../data/pump/test/anomaly_id_06_00000010.wav,0,06,anomaly,anomaly_06,-29.002232,20.572844,-36.915936
113,../data/pump/test/anomaly_id_06_00000004.wav,0,06,anomaly,anomaly_06,-65.10562,94.82624,13.68347
114,../data/pump/test/anomaly_id_02_00000030.wav,0,02,anomaly,anomaly_02,-20.244785,75.53003,103.23357
115,../data/pump/test/anomaly_id_02_00000024.wav,0,02,anomaly,anomaly_02,27.96215,-102.2365,-98.18133
116,../data/pump/test/anomaly_id_02_00000018.wav,0,02,anomaly,anomaly_02,104.986176,-45.085503,84.495026
117,../data/pump/test/normal_id_04_00000071.wav,0,04,normal,normal_04,14.08053,84.46603,49.379402
118,../data/pump/test/normal_id_04_00000065.wav,0,04,normal,normal_04,60.555283,140.179,1.9440396
119,../data/pump/test/normal_id_00_00000092.wav,0,00,normal,normal_00,9.916995,0.7786882,107.195244
120,../data/pump/test/normal_id_00_00000086.wav,0,00,normal,normal_00,-84.38284,1.1533588,120.58691
121,../data/pump/test/normal_id_04_00000059.wav,0,04,normal,normal_04,50.739784,-136.85811,19.010876
122,../data/pump/test/normal_id_00_00000079.wav,0,00,normal,normal_00,29.854296,-72.275406,-22.94228
123,../data/pump/test/normal_id_00_00000051.wav,0,00,normal,normal_00,-12.397071,17.975855,-126.64212
124,../data/pump/test/normal_id_00_00000045.wav,0,00,normal,normal_00,-31.005865,-10.820138,56.58065
125,../data/pump/test/normal_id_00_00000044.wav,0,00,normal,normal_00,-14.167619,-55.00355,113.045425
126,../data/pump/test/normal_id_00_00000050.wav,0,00,normal,normal_00,87.58562,-19.668829,-83.00401
127,../data/pump/test/normal_id_00_00000078.wav,0,00,normal,normal_00,-48.739502,-97.93947,-11.531213
128,../data/pump/test/normal_id_00_00000087.wav,0,00,normal,normal_00,-41.459564,-61.022778,-4.6713614
129,../data/pump/test/normal_id_04_00000058.wav,0,04,normal,normal_04,97.01692,99.49357,-50.66015
130,../data/pump/test/normal_id_00_00000093.wav,0,00,normal,normal_00,-10.728897,-15.28298,-32.54014
131,../data/pump/test/normal_id_04_00000064.wav,0,04,normal,normal_04,-151.1099,-13.635178,-19.713665
132,../data/pump/test/normal_id_04_00000070.wav,0,04,normal,normal_04,-83.16236,22.111647,-74.89954
133,../data/pump/test/anomaly_id_02_00000019.wav,0,02,anomaly,anomaly_02,123.20829,-18.760433,-12.154829
134,../data/pump/test/anomaly_id_02_00000025.wav,0,02,anomaly,anomaly_02,-60.289158,-62.05501,-88.46337
135,../data/pump/test/anomaly_id_02_00000031.wav,0,02,anomaly,anomaly_02,-14.572395,62.177483,-31.210758
136,../data/pump/test/anomaly_id_06_00000005.wav,0,06,anomaly,anomaly_06,-118.30144,3.8155134,30.753656
137,../data/pump/test/anomaly_id_06_00000011.wav,0,06,anomaly,anomaly_06,116.50298,20.819693,-92.80216
138,../data/pump/test/anomaly_id_06_00000039.wav,0,06,anomaly,anomaly_06,-60.59685,-35.55691,87.33164
139,../data/pump/test/anomaly_id_04_00000036.wav,0,04,anomaly,anomaly_04,43.939262,6.053153,-146.25604
140,../data/pump/test/anomaly_id_04_00000022.wav,0,04,anomaly,anomaly_04,69.42819,42.670536,-96.15177
141,../data/pump/test/anomaly_id_00_00000016.wav,0,00,anomaly,anomaly_00,144.51974,32.75991,-7.8697047
142,../data/pump/test/anomaly_id_00_00000002.wav,0,00,anomaly,anomaly_00,77.91937,124.45757,34.10216
143,../data/pump/test/normal_id_02_00000088.wav,0,02,normal,normal_02,107.75602,23.166216,-53.008
144,../data/pump/test/normal_id_06_00000057.wav,0,06,normal,normal_06,88.98231,-61.568382,-37.636135
145,../data/pump/test/normal_id_06_00000043.wav,0,06,normal,normal_06,-105.65702,-19.654364,40.895203
146,../data/pump/test/normal_id_06_00000094.wav,0,06,normal,normal_06,-46.735012,-76.28475,-64.713264
147,../data/pump/test/normal_id_06_00000080.wav,0,06,normal,normal_06,-71.09374,-62.0159,23.854065
148,../data/pump/test/normal_id_02_00000077.wav,0,02,normal,normal_02,104.82501,-98.75651,16.694792
149,../data/pump/test/normal_id_02_00000063.wav,0,02,normal,normal_02,-115.20592,-15.539903,-35.624092
150,../data/pump/test/normal_id_02_00000075.wav,0,02,normal,normal_02,22.971893,125.49397,16.676779
151,../data/pump/test/normal_id_02_00000061.wav,0,02,normal,normal_02,-107.018425,67.3466,69.979256
152,../data/pump/test/normal_id_06_00000096.wav,0,06,normal,normal_06,-95.76602,-0.54617393,-70.04989
153,../data/pump/test/normal_id_02_00000049.wav,0,02,normal,normal_02,81.7484,-56.15682,31.627708
154,../data/pump/test/normal_id_06_00000082.wav,0,06,normal,normal_06,73.830154,-91.93904,-37.95078
155,../data/pump/test/normal_id_06_00000069.wav,0,06,normal,normal_06,-59.180313,0.09474915,28.034071
156,../data/pump/test/normal_id_06_00000055.wav,0,06,normal,normal_06,65.61083,-56.478218,-47.79122
157,../data/pump/test/normal_id_06_00000041.wav,0,06,normal,normal_06,54.825626,67.71156,-64.32904
158,../data/pump/test/anomaly_id_00_00000028.wav,0,00,anomaly,anomaly_00,-89.81522,-25.325844,-25.899471
159,../data/pump/test/anomaly_id_00_00000014.wav,0,00,anomaly,anomaly_00,139.4029,26.124117,50.94849
160,../data/pump/test/anomaly_id_00_00000000.wav,0,00,anomaly,anomaly_00,-22.031874,-48.80812,1.6105902
161,../data/pump/test/anomaly_id_04_00000034.wav,0,04,anomaly,anomaly_04,-135.99326,0.7791785,2.4195971
162,../data/pump/test/anomaly_id_04_00000020.wav,0,04,anomaly,anomaly_04,-16.520533,20.602156,-98.88581
163,../data/pump/test/anomaly_id_04_00000008.wav,0,04,anomaly,anomaly_04,75.75317,-17.574076,-135.26788
164,../data/pump/test/anomaly_id_06_00000007.wav,0,06,anomaly,anomaly_06,57.751965,92.09789,-108.75538
165,../data/pump/test/anomaly_id_06_00000013.wav,0,06,anomaly,anomaly_06,-4.257884,-57.401794,-32.18504
166,../data/pump/test/anomaly_id_02_00000027.wav,0,02,anomaly,anomaly_02,-119.645355,-20.129112,16.047874
167,../data/pump/test/anomaly_id_02_00000033.wav,0,02,anomaly,anomaly_02,30.108255,12.459695,36.990814
168,../data/pump/test/normal_id_04_00000066.wav,0,04,normal,normal_04,-76.398186,36.646355,125.47801
169,../data/pump/test/normal_id_04_00000072.wav,0,04,normal,normal_04,33.71388,54.93247,-72.48313
170,../data/pump/test/normal_id_00_00000085.wav,0,00,normal,normal_00,-51.616905,-38.555202,-77.100624
171,../data/pump/test/normal_id_00_00000091.wav,0,00,normal,normal_00,73.616,2.6482809,-18.254272
172,../data/pump/test/normal_id_04_00000099.wav,0,04,normal,normal_04,-44.89715,-69.55354,132.03789
173,../data/pump/test/normal_id_00_00000046.wav,0,00,normal,normal_00,-102.69606,61.855457,-31.012405
174,../data/pump/test/normal_id_00_00000052.wav,0,00,normal,normal_00,-63.66498,-9.674785,-100.44639
175,../data/pump/test/normal_id_00_00000053.wav,0,00,normal,normal_00,67.04627,-4.360738,65.69532
176,../data/pump/test/normal_id_04_00000098.wav,0,04,normal,normal_04,-41.30045,69.73583,128.17213
177,../data/pump/test/normal_id_00_00000047.wav,0,00,normal,normal_00,-17.990358,84.78539,50.698112
178,../data/pump/test/normal_id_00_00000090.wav,0,00,normal,normal_00,15.141669,125.31108,-92.90271
179,../data/pump/test/normal_id_00_00000084.wav,0,00,normal,normal_00,71.05247,97.21539,45.343246
180,../data/pump/test/normal_id_04_00000073.wav,0,04,normal,normal_04,46.662064,81.850624,48.07784
181,../data/pump/test/normal_id_04_00000067.wav,0,04,normal,normal_04,-60.46016,116.21139,-82.42421
182,../data/pump/test/anomaly_id_02_00000032.wav,0,02,anomaly,anomaly_02,17.21087,-118.64316,-46.01775
183,../data/pump/test/anomaly_id_02_00000026.wav,0,02,anomaly,anomaly_02,7.543274,30.475246,115.75191
184,../data/pump/test/anomaly_id_06_00000012.wav,0,06,anomaly,anomaly_06,-59.554466,-129.49467,34.884888
185,../data/pump/test/anomaly_id_06_00000006.wav,0,06,anomaly,anomaly_06,46.34154,12.260218,58.30325
186,../data/pump/test/anomaly_id_04_00000009.wav,0,04,anomaly,anomaly_04,120.847824,70.620544,61.912937
187,../data/pump/test/anomaly_id_04_00000021.wav,0,04,anomaly,anomaly_04,97.23556,32.167908,110.8993
188,../data/pump/test/anomaly_id_04_00000035.wav,0,04,anomaly,anomaly_04,61.877834,91.278175,101.7574
189,../data/pump/test/anomaly_id_00_00000001.wav,0,00,anomaly,anomaly_00,-28.738806,69.149025,74.28518
190,../data/pump/test/anomaly_id_00_00000015.wav,0,00,anomaly,anomaly_00,-40.393185,39.63864,123.0065
191,../data/pump/test/anomaly_id_00_00000029.wav,0,00,anomaly,anomaly_00,42.002834,-13.700965,-65.6163
192,../data/pump/test/normal_id_06_00000040.wav,0,06,normal,normal_06,-45.578926,2.3240306,-16.532686
193,../data/pump/test/normal_id_06_00000054.wav,0,06,normal,normal_06,-42.07184,23.58341,148.84445
194,../data/pump/test/normal_id_06_00000068.wav,0,06,normal,normal_06,-16.587166,-21.910635,-120.76122
195,../data/pump/test/normal_id_06_00000083.wav,0,06,normal,normal_06,14.482046,148.83347,-25.733969
196,../data/pump/test/normal_id_06_00000097.wav,0,06,normal,normal_06,-1.9576083,-122.91948,-77.83858
197,../data/pump/test/normal_id_02_00000048.wav,0,02,normal,normal_02,-62.840588,-4.0995264,96.392334
198,../data/pump/test/normal_id_02_00000060.wav,0,02,normal,normal_02,66.47918,68.09001,-28.316303
199,../data/pump/test/normal_id_02_00000074.wav,0,02,normal,normal_02,44.907757,-81.08379,-119.925415
200,../data/pump/test/normal_id_02_00000013.wav,0,02,normal,normal_02,36.721397,-62.398354,28.075739
201,../data/pump/test/normal_id_02_00000007.wav,0,02,normal,normal_02,-69.84667,103.16376,-12.501287
202,../data/pump/test/normal_id_06_00000033.wav,0,06,normal,normal_06,125.5394,45.41081,-71.84103
203,../data/pump/test/normal_id_06_00000027.wav,0,06,normal,normal_06,28.427086,152.90598,10.766469
204,../data/pump/test/anomaly_id_00_00000072.wav,0,00,anomaly,anomaly_00,-24.04618,-94.11295,21.055752
205,../data/pump/test/anomaly_id_00_00000066.wav,0,00,anomaly,anomaly_00,-28.795492,73.91313,-72.16811
206,../data/pump/test/anomaly_id_06_00000101.wav,0,06,anomaly,anomaly_06,-74.63995,30.674295,-12.027163
207,../data/pump/test/anomaly_id_04_00000091.wav,0,04,anomaly,anomaly_04,90.2202,-65.94618,109.581856
208,../data/pump/test/anomaly_id_04_00000085.wav,0,04,anomaly,anomaly_04,-38.055527,73.38742,37.509636
209,../data/pump/test/anomaly_id_02_00000109.wav,0,02,anomaly,anomaly_02,-37.284405,83.77539,8.993849
210,../data/pump/test/anomaly_id_04_00000052.wav,0,04,anomaly,anomaly_04,-30.759077,-67.93762,17.89871
211,../data/pump/test/anomaly_id_00_00000099.wav,0,00,anomaly,anomaly_00,-116.25796,30.22876,34.64875
212,../data/pump/test/anomaly_id_04_00000046.wav,0,04,anomaly,anomaly_04,17.093433,-79.06136,30.477104
213,../data/pump/test/anomaly_id_06_00000061.wav,0,06,anomaly,anomaly_06,-50.737656,-26.032925,-131.32718
214,../data/pump/test/anomaly_id_00_00000106.wav,0,00,anomaly,anomaly_00,94.99533,-106.52325,-12.274258
215,../data/pump/test/anomaly_id_00_00000112.wav,0,00,anomaly,anomaly_00,-20.804373,-7.499269,150.40543
216,../data/pump/test/anomaly_id_06_00000075.wav,0,06,anomaly,anomaly_06,-2.643577,44.29583,87.72616
217,../data/pump/test/anomaly_id_02_00000082.wav,0,02,anomaly,anomaly_02,93.717285,7.0069532,38.865623
218,../data/pump/test/anomaly_id_02_00000096.wav,0,02,anomaly,anomaly_02,-89.37987,61.815205,-113.67523
219,../data/pump/test/anomaly_id_06_00000049.wav,0,06,anomaly,anomaly_06,-77.29914,-12.632745,44.58354
220,../data/pump/test/anomaly_id_02_00000069.wav,0,02,anomaly,anomaly_02,-14.118005,102.4656,-53.144203
221,../data/pump/test/anomaly_id_02_00000041.wav,0,02,anomaly,anomaly_02,-74.315506,6.530079,7.32537
222,../data/pump/test/anomaly_id_02_00000055.wav,0,02,anomaly,anomaly_02,57.539433,90.285614,-14.640704
223,../data/pump/test/normal_id_04_00000028.wav,0,04,normal,normal_04,10.022907,-13.224106,-146.67796
224,../data/pump/test/normal_id_04_00000000.wav,0,04,normal,normal_04,91.35794,69.72664,-35.617672
225,../data/pump/test/normal_id_04_00000014.wav,0,04,normal,normal_04,21.866255,81.46983,-63.913624
226,../data/pump/test/normal_id_00_00000020.wav,0,00,normal,normal_00,72.024796,-27.602581,122.79636
227,../data/pump/test/normal_id_00_00000034.wav,0,00,normal,normal_00,14.619094,21.94967,17.901972
228,../data/pump/test/normal_id_00_00000008.wav,0,00,normal,normal_00,96.128136,-35.0494,18.91149
229,../data/pump/test/normal_id_00_00000009.wav,0,00,normal,normal_00,43.24684,37.542694,64.78543
230,../data/pump/test/normal_id_00_00000035.wav,0,00,normal,normal_00,-84.79633,-121.754105,17.996744
231,../data/pump/test/normal_id_00_00000021.wav,0,00,normal,normal_00,-14.6140785,-113.10653,58.502308
232,../data/pump/test/normal_id_04_00000015.wav,0,04,normal,normal_04,32.751324,-135.22119,57.816624
233,../data/pump/test/normal_id_04_00000001.wav,0,04,normal,normal_04,-44.922737,144.6803,2.4217927
234,../data/pump/test/normal_id_04_00000029.wav,0,04,normal,normal_04,-42.159344,56.341972,-54.03805
235,../data/pump/test/anomaly_id_02_00000054.wav,0,02,anomaly,anomaly_02,-26.431465,151.88264,34.19581
236,../data/pump/test/anomaly_id_02_00000040.wav,0,02,anomaly,anomaly_02,119.3804,30.151531,85.305244
237,../data/pump/test/anomaly_id_02_00000068.wav,0,02,anomaly,anomaly_02,46.358723,116.079865,-4.8955917
238,../data/pump/test/anomaly_id_02_00000097.wav,0,02,anomaly,anomaly_02,40.871513,-35.89544,15.338048
239,../data/pump/test/anomaly_id_06_00000048.wav,0,06,anomaly,anomaly_06,46.600044,113.87439,-86.46898
240,../data/pump/test/anomaly_id_02_00000083.wav,0,02,anomaly,anomaly_02,12.239596,-22.035807,137.31433
241,../data/pump/test/anomaly_id_00_00000113.wav,0,00,anomaly,anomaly_00,-37.037777,70.844154,-95.99478
242,../data/pump/test/anomaly_id_06_00000074.wav,0,06,anomaly,anomaly_06,141.69249,-41.495247,28.175493
243,../data/pump/test/anomaly_id_06_00000060.wav,0,06,anomaly,anomaly_06,7.1141334,-94.40881,-77.49326
244,../data/pump/test/anomaly_id_00_00000107.wav,0,00,anomaly,anomaly_00,-4.2837434,-39.64413,86.238014
245,../data/pump/test/anomaly_id_00_00000098.wav,0,00,anomaly,anomaly_00,17.831932,-59.71659,131.94104
246,../data/pump/test/anomaly_id_04_00000047.wav,0,04,anomaly,anomaly_04,-65.096634,125.2985,32.763966
247,../data/pump/test/anomaly_id_04_00000053.wav,0,04,anomaly,anomaly_04,-48.158108,54.678604,54.887558
248,../data/pump/test/anomaly_id_02_00000108.wav,0,02,anomaly,anomaly_02,-88.112915,1.1866025,78.68933
249,../data/pump/test/anomaly_id_04_00000084.wav,0,04,anomaly,anomaly_04,-98.3017,53.417572,40.71717
250,../data/pump/test/anomaly_id_04_00000090.wav,0,04,anomaly,anomaly_04,-73.94892,-117.05914,65.87105
251,../data/pump/test/anomaly_id_00_00000067.wav,0,00,anomaly,anomaly_00,107.12094,-4.6520133,19.573404
252,../data/pump/test/anomaly_id_06_00000100.wav,0,06,anomaly,anomaly_06,34.20185,-79.38367,-73.91884
253,../data/pump/test/anomaly_id_00_00000073.wav,0,00,anomaly,anomaly_00,-26.763649,0.33006024,-33.95152
254,../data/pump/test/normal_id_06_00000026.wav,0,06,normal,normal_06,67.43534,-49.109707,99.676414
255,../data/pump/test/normal_id_06_00000032.wav,0,06,normal,normal_06,-22.26631,22.619682,103.11297
256,../data/pump/test/normal_id_02_00000006.wav,0,02,normal,normal_02,61.638294,-68.903534,-18.084513
257,../data/pump/test/normal_id_02_00000012.wav,0,02,normal,normal_02,3.8436453,-79.27574,61.125443
258,../data/pump/test/normal_id_02_00000038.wav,0,02,normal,normal_02,101.60755,-8.194376,-58.70102
259,../data/pump/test/normal_id_02_00000004.wav,0,02,normal,normal_02,-27.841127,-4.0149255,119.40985
260,../data/pump/test/normal_id_02_00000010.wav,0,02,normal,normal_02,-64.00866,46.211353,7.4472146
261,../data/pump/test/normal_id_06_00000024.wav,0,06,normal,normal_06,34.62597,66.19592,32.781654
262,../data/pump/test/normal_id_06_00000030.wav,0,06,normal,normal_06,-53.33919,68.16799,83.055046
263,../data/pump/test/normal_id_06_00000018.wav,0,06,normal,normal_06,-4.7984858,5.6401606,-47.861206
264,../data/pump/test/anomaly_id_00_00000065.wav,0,00,anomaly,anomaly_00,13.8382,64.91432,-95.2565
265,../data/pump/test/anomaly_id_00_00000071.wav,0,00,anomaly,anomaly_00,-51.684692,12.217488,118.34916
266,../data/pump/test/anomaly_id_04_00000086.wav,0,04,anomaly,anomaly_04,-61.335182,50.62185,-16.279186
267,../data/pump/test/anomaly_id_00_00000059.wav,0,00,anomaly,anomaly_00,-96.14704,-68.29439,15.047825
268,../data/pump/test/anomaly_id_04_00000092.wav,0,04,anomaly,anomaly_04,-4.634896,-40.896496,16.97856
269,../data/pump/test/anomaly_id_04_00000079.wav,0,04,anomaly,anomaly_04,36.61214,49.74287,90.91541
270,../data/pump/test/anomaly_id_04_00000045.wav,0,04,anomaly,anomaly_04,-44.616554,22.999653,89.744934
271,../data/pump/test/anomaly_id_04_00000051.wav,0,04,anomaly,anomaly_04,107.00724,106.999115,32.29889
272,../data/pump/test/anomaly_id_06_00000076.wav,0,06,anomaly,anomaly_06,-73.85239,71.0436,110.98058
273,../data/pump/test/anomaly_id_00_00000111.wav,0,00,anomaly,anomaly_00,-29.175175,50.060665,96.26925
274,../data/pump/test/anomaly_id_00_00000105.wav,0,00,anomaly,anomaly_00,4.2735624,-10.668109,48.030167
275,../data/pump/test/anomaly_id_06_00000062.wav,0,06,anomaly,anomaly_06,-85.108345,-62.070225,-103.85964
276,../data/pump/test/anomaly_id_02_00000095.wav,0,02,anomaly,anomaly_02,55.748623,-32.0721,76.51845
277,../data/pump/test/anomaly_id_00_00000139.wav,0,00,anomaly,anomaly_00,-90.40109,23.261995,34.0016
278,../data/pump/test/anomaly_id_02_00000081.wav,0,02,anomaly,anomaly_02,79.41444,-70.11372,79.81243
279,../data/pump/test/anomaly_id_06_00000089.wav,0,06,anomaly,anomaly_06,100.33412,-88.03031,-46.348976
280,../data/pump/test/anomaly_id_02_00000056.wav,0,02,anomaly,anomaly_02,-33.051914,-36.437298,76.83408
281,../data/pump/test/anomaly_id_02_00000042.wav,0,02,anomaly,anomaly_02,-144.22546,22.6084,26.727993
282,../data/pump/test/normal_id_04_00000017.wav,0,04,normal,normal_04,-8.165079,-24.086329,-93.38421
283,../data/pump/test/normal_id_04_00000003.wav,0,04,normal,normal_04,21.439043,115.94141,48.281784
284,../data/pump/test/normal_id_00_00000037.wav,0,00,normal,normal_00,31.396738,-95.96986,11.07035
285,../data/pump/test/normal_id_00_00000023.wav,0,00,normal,normal_00,12.7036705,-23.142471,-114.36217
286,../data/pump/test/normal_id_00_00000022.wav,0,00,normal,normal_00,-59.916084,80.16406,-68.25681
287,../data/pump/test/normal_id_00_00000036.wav,0,00,normal,normal_00,26.541327,-14.298508,43.978367
288,../data/pump/test/normal_id_04_00000002.wav,0,04,normal,normal_04,10.357781,-45.828876,-49.940964
289,../data/pump/test/normal_id_04_00000016.wav,0,04,normal,normal_04,-60.560745,70.504776,0.74323004
290,../data/pump/test/anomaly_id_02_00000043.wav,0,02,anomaly,anomaly_02,53.51157,-72.42276,-94.1144
291,../data/pump/test/anomaly_id_06_00000088.wav,0,06,anomaly,anomaly_06,102.29905,-92.70624,47.37737
292,../data/pump/test/anomaly_id_02_00000057.wav,0,02,anomaly,anomaly_02,73.669876,25.824387,-131.10056
293,../data/pump/test/anomaly_id_02_00000080.wav,0,02,anomaly,anomaly_02,78.05904,-82.809364,27.433327
294,../data/pump/test/anomaly_id_00_00000138.wav,0,00,anomaly,anomaly_00,3.6048307,19.139015,42.379242
295,../data/pump/test/anomaly_id_02_00000094.wav,0,02,anomaly,anomaly_02,37.500652,19.599068,-29.752934
296,../data/pump/test/anomaly_id_00_00000104.wav,0,00,anomaly,anomaly_00,116.82382,77.97327,29.781473
297,../data/pump/test/anomaly_id_06_00000063.wav,0,06,anomaly,anomaly_06,-16.46497,20.994768,131.46892
298,../data/pump/test/anomaly_id_06_00000077.wav,0,06,anomaly,anomaly_06,-55.39011,-123.55454,-17.023571
299,../data/pump/test/anomaly_id_00_00000110.wav,0,00,anomaly,anomaly_00,-55.26824,-59.537834,-128.13605
300,../data/pump/test/anomaly_id_04_00000050.wav,0,04,anomaly,anomaly_04,-36.150444,100.74112,-71.597664
301,../data/pump/test/anomaly_id_04_00000044.wav,0,04,anomaly,anomaly_04,-42.002968,96.55082,104.57245
302,../data/pump/test/anomaly_id_04_00000078.wav,0,04,anomaly,anomaly_04,-38.688206,-128.35188,-70.22061
303,../data/pump/test/anomaly_id_04_00000093.wav,0,04,anomaly,anomaly_04,-19.588835,27.154016,51.860577
304,../data/pump/test/anomaly_id_04_00000087.wav,0,04,anomaly,anomaly_04,-43.625675,99.147575,37.092056
305,../data/pump/test/anomaly_id_00_00000058.wav,0,00,anomaly,anomaly_00,-36.224545,128.24799,58.903492
306,../data/pump/test/anomaly_id_00_00000070.wav,0,00,anomaly,anomaly_00,-83.906906,62.90423,2.6075058
307,../data/pump/test/anomaly_id_00_00000064.wav,0,00,anomaly,anomaly_00,-55.92793,-55.330704,107.941605
308,../data/pump/test/normal_id_06_00000019.wav,0,06,normal,normal_06,94.28263,10.698975,76.434875
309,../data/pump/test/normal_id_06_00000031.wav,0,06,normal,normal_06,-30.286253,-35.097523,101.45564
310,../data/pump/test/normal_id_06_00000025.wav,0,06,normal,normal_06,-37.34323,-37.72104,134.74693
311,../data/pump/test/normal_id_02_00000011.wav,0,02,normal,normal_02,83.99554,-123.76222,-33.836567
312,../data/pump/test/normal_id_02_00000005.wav,0,02,normal,normal_02,53.76031,-10.190109,0.05633581
313,../data/pump/test/normal_id_02_00000039.wav,0,02,normal,normal_02,118.36817,83.03971,-35.750317
314,../data/pump/test/normal_id_02_00000001.wav,0,02,normal,normal_02,-41.599705,9.141873,-147.49681
315,../data/pump/test/normal_id_02_00000015.wav,0,02,normal,normal_02,41.4342,43.78316,120.14711
316,../data/pump/test/normal_id_02_00000029.wav,0,02,normal,normal_02,-64.33284,57.46167,-39.078476
317,../data/pump/test/normal_id_06_00000009.wav,0,06,normal,normal_06,-41.985134,-42.038002,17.720783
318,../data/pump/test/normal_id_06_00000021.wav,0,06,normal,normal_06,-4.106864,67.00137,65.2574
319,../data/pump/test/normal_id_06_00000035.wav,0,06,normal,normal_06,46.138824,12.21531,-71.32751
320,../data/pump/test/anomaly_id_04_00000083.wav,0,04,anomaly,anomaly_04,36.412918,-138.83395,-35.19503
321,../data/pump/test/anomaly_id_04_00000097.wav,0,04,anomaly,anomaly_04,-31.181227,77.93238,-47.95418
322,../data/pump/test/anomaly_id_00_00000048.wav,0,00,anomaly,anomaly_00,106.53543,74.70548,-70.58724
323,../data/pump/test/anomaly_id_00_00000060.wav,0,00,anomaly,anomaly_00,-27.50422,11.020118,73.77255
324,../data/pump/test/anomaly_id_00_00000074.wav,0,00,anomaly,anomaly_00,37.67669,-46.3563,100.136925
325,../data/pump/test/anomaly_id_04_00000040.wav,0,04,anomaly,anomaly_04,-3.5242538,43.774624,54.84091
326,../data/pump/test/anomaly_id_04_00000054.wav,0,04,anomaly,anomaly_04,106.45624,-66.29188,15.01067
327,../data/pump/test/anomaly_id_04_00000068.wav,0,04,anomaly,anomaly_04,-110.01847,-8.180334,-93.9882
328,../data/pump/test/anomaly_id_02_00000090.wav,0,02,anomaly,anomaly_02,-21.0438,-75.51572,-44.70263
329,../data/pump/test/anomaly_id_00_00000128.wav,0,00,anomaly,anomaly_00,-105.408646,109.452286,-22.363403
330,../data/pump/test/anomaly_id_02_00000084.wav,0,02,anomaly,anomaly_02,-82.37183,27.58109,62.540066
331,../data/pump/test/anomaly_id_00_00000114.wav,0,00,anomaly,anomaly_00,115.526764,-0.9242653,48.433277
332,../data/pump/test/anomaly_id_06_00000073.wav,0,06,anomaly,anomaly_06,-15.584726,54.2849,-85.77239
333,../data/pump/test/anomaly_id_06_00000067.wav,0,06,anomaly,anomaly_06,150.53374,-23.80087,0.5815006
334,../data/pump/test/anomaly_id_00_00000100.wav,0,00,anomaly,anomaly_00,-90.852455,0.24797939,-20.523106
335,../data/pump/test/anomaly_id_02_00000053.wav,0,02,anomaly,anomaly_02,-24.383722,-114.56819,0.5039975
336,../data/pump/test/anomaly_id_06_00000098.wav,0,06,anomaly,anomaly_06,-4.9781814,-14.866157,96.21121
337,../data/pump/test/anomaly_id_02_00000047.wav,0,02,anomaly,anomaly_02,82.60921,-88.1163,-91.37493
338,../data/pump/test/normal_id_04_00000012.wav,0,04,normal,normal_04,-29.495987,-85.484245,-2.1350758
339,../data/pump/test/normal_id_04_00000006.wav,0,04,normal,normal_04,-142.32414,-7.158105,-52.433674
340,../data/pump/test/normal_id_00_00000032.wav,0,00,normal,normal_00,-105.1472,-16.94385,-7.281708
341,../data/pump/test/normal_id_00_00000026.wav,0,00,normal,normal_00,5.088249,-78.36749,-25.110426
342,../data/pump/test/normal_id_00_00000027.wav,0,00,normal,normal_00,-85.26245,58.110104,-70.16744
343,../data/pump/test/normal_id_00_00000033.wav,0,00,normal,normal_00,-53.861237,-77.22776,10.014343
344,../data/pump/test/normal_id_04_00000007.wav,0,04,normal,normal_04,-14.88335,94.8492,78.40987
345,../data/pump/test/normal_id_04_00000013.wav,0,04,normal,normal_04,37.87184,-32.962276,129.16826
346,../data/pump/test/anomaly_id_06_00000099.wav,0,06,anomaly,anomaly_06,-12.164959,-14.769036,33.38039
347,../data/pump/test/anomaly_id_02_00000046.wav,0,02,anomaly,anomaly_02,-51.89006,-143.63715,1.1124029
348,../data/pump/test/anomaly_id_02_00000052.wav,0,02,anomaly,anomaly_02,-53.358273,-23.584784,36.008286
349,../data/pump/test/anomaly_id_06_00000066.wav,0,06,anomaly,anomaly_06,33.176426,-31.810858,-17.870068
350,../data/pump/test/anomaly_id_00_00000101.wav,0,00,anomaly,anomaly_00,-45.50035,-78.976074,37.091248
351,../data/pump/test/anomaly_id_00_00000115.wav,0,00,anomaly,anomaly_00,-36.328785,59.950645,-1.8950373
352,../data/pump/test/anomaly_id_06_00000072.wav,0,06,anomaly,anomaly_06,145.21721,7.234958,11.098136
353,../data/pump/test/anomaly_id_02_00000085.wav,0,02,anomaly,anomaly_02,74.77194,-48.466484,-87.21504
354,../data/pump/test/anomaly_id_00_00000129.wav,0,00,anomaly,anomaly_00,96.375984,85.14096,82.520836
355,../data/pump/test/anomaly_id_02_00000091.wav,0,02,anomaly,anomaly_02,-1.0832973,-96.75704,-48.887157
356,../data/pump/test/anomaly_id_04_00000069.wav,0,04,anomaly,anomaly_04,72.929375,110.08941,-68.79936
357,../data/pump/test/anomaly_id_04_00000055.wav,0,04,anomaly,anomaly_04,25.494223,35.1889,-53.557415
358,../data/pump/test/anomaly_id_04_00000041.wav,0,04,anomaly,anomaly_04,-26.458475,-129.90224,-22.95673
359,../data/pump/test/anomaly_id_00_00000075.wav,0,00,anomaly,anomaly_00,-71.22403,19.668945,98.15384
360,../data/pump/test/anomaly_id_00_00000061.wav,0,00,anomaly,anomaly_00,-67.96756,17.18496,-52.553165
361,../data/pump/test/anomaly_id_04_00000096.wav,0,04,anomaly,anomaly_04,67.97617,-33.866734,-66.094536
362,../data/pump/test/anomaly_id_00_00000049.wav,0,00,anomaly,anomaly_00,93.193474,-39.925377,-57.298355
363,../data/pump/test/anomaly_id_04_00000082.wav,0,04,anomaly,anomaly_04,-127.209236,41.093563,-53.46889
364,../data/pump/test/normal_id_06_00000034.wav,0,06,normal,normal_06,-49.29823,-52.662926,37.92851
365,../data/pump/test/normal_id_06_00000020.wav,0,06,normal,normal_06,60.504147,-8.196506,-83.630165
366,../data/pump/test/normal_id_06_00000008.wav,0,06,normal,normal_06,73.83025,36.24879,-51.142944
367,../data/pump/test/normal_id_02_00000028.wav,0,02,normal,normal_02,107.75455,52.778206,-49.518112
368,../data/pump/test/normal_id_02_00000014.wav,0,02,normal,normal_02,59.44701,-122.63108,-51.689297
369,../data/pump/test/normal_id_02_00000000.wav,0,02,normal,normal_02,20.88147,-46.709713,-4.8054185
370,../data/pump/test/normal_id_02_00000016.wav,0,02,normal,normal_02,-117.91931,-23.841005,-65.36182
371,../data/pump/test/normal_id_02_00000002.wav,0,02,normal,normal_02,16.697388,75.22165,-33.19743
372,../data/pump/test/normal_id_06_00000036.wav,0,06,normal,normal_06,73.37619,110.20603,74.21918
373,../data/pump/test/normal_id_06_00000022.wav,0,06,normal,normal_06,-34.99021,-37.988777,-49.153347
374,../data/pump/test/anomaly_id_04_00000094.wav,0,04,anomaly,anomaly_04,-22.023907,-50.435574,32.34921
375,../data/pump/test/anomaly_id_04_00000080.wav,0,04,anomaly,anomaly_04,-103.653885,9.4307995,-118.7196
376,../data/pump/test/anomaly_id_00_00000077.wav,0,00,anomaly,anomaly_00,-88.82044,48.97952,-15.306592
377,../data/pump/test/anomaly_id_00_00000063.wav,0,00,anomaly,anomaly_00,104.17538,-28.191235,49.270496
378,../data/pump/test/anomaly_id_00_00000088.wav,0,00,anomaly,anomaly_00,-68.60629,-95.22767,35.017586
379,../data/pump/test/anomaly_id_04_00000057.wav,0,04,anomaly,anomaly_04,-4.4031706,155.89334,3.8369193
380,../data/pump/test/anomaly_id_04_00000043.wav,0,04,anomaly,anomaly_04,-106.73899,38.980602,63.2521
381,../data/pump/test/anomaly_id_02_00000087.wav,0,02,anomaly,anomaly_02,-1.0521946,91.55618,-22.798359
382,../data/pump/test/anomaly_id_06_00000058.wav,0,06,anomaly,anomaly_06,80.22803,-62.41383,-113.25868
383,../data/pump/test/anomaly_id_02_00000093.wav,0,02,anomaly,anomaly_02,67.12277,-91.47459,51.142845
384,../data/pump/test/anomaly_id_00_00000103.wav,0,00,anomaly,anomaly_00,52.18624,17.949995,-48.420662
385,../data/pump/test/anomaly_id_06_00000064.wav,0,06,anomaly,anomaly_06,53.090744,-40.527718,-5.4519715
386,../data/pump/test/anomaly_id_06_00000070.wav,0,06,anomaly,anomaly_06,32.397987,-61.222256,-50.8196
387,../data/pump/test/anomaly_id_00_00000117.wav,0,00,anomaly,anomaly_00,-112.49486,-99.381424,13.71182
388,../data/pump/test/anomaly_id_02_00000044.wav,0,02,anomaly,anomaly_02,64.63549,-91.83143,100.86903
389,../data/pump/test/anomaly_id_02_00000050.wav,0,02,anomaly,anomaly_02,-10.044798,-83.83953,-104.75286
390,../data/pump/test/anomaly_id_02_00000078.wav,0,02,anomaly,anomaly_02,-27.693207,-5.6855645,92.33792
391,../data/pump/test/normal_id_04_00000005.wav,0,04,normal,normal_04,42.16527,100.04318,67.45173
392,../data/pump/test/normal_id_04_00000011.wav,0,04,normal,normal_04,-119.295166,8.531133,-19.86609
393,../data/pump/test/normal_id_04_00000039.wav,0,04,normal,normal_04,71.042984,18.75313,60.573875
394,../data/pump/test/normal_id_00_00000019.wav,0,00,normal,normal_00,28.077997,20.805779,-105.232155
395,../data/pump/test/normal_id_00_00000025.wav,0,00,normal,normal_00,2.5256665,-121.5459,3.763502
396,../data/pump/test/normal_id_00_00000031.wav,0,00,normal,normal_00,24.278498,-87.49761,-44.851986
397,../data/pump/test/normal_id_00_00000030.wav,0,00,normal,normal_00,-71.19175,93.02301,87.575874
398,../data/pump/test/normal_id_00_00000024.wav,0,00,normal,normal_00,-1.3856091,14.037602,92.279884
399,../data/pump/test/normal_id_00_00000018.wav,0,00,normal,normal_00,81.31886,-81.517685,0.5398164
400,../data/pump/test/normal_id_04_00000038.wav,0,04,normal,normal_04,11.482648,97.477844,71.995255
401,../data/pump/test/normal_id_04_00000010.wav,0,04,normal,normal_04,-111.44199,-5.039926,103.792336
402,../data/pump/test/normal_id_04_00000004.wav,0,04,normal,normal_04,-64.44268,72.51677,29.758844
403,../data/pump/test/anomaly_id_02_00000079.wav,0,02,anomaly,anomaly_02,12.504122,-83.57049,-127.97779
404,../data/pump/test/anomaly_id_02_00000051.wav,0,02,anomaly,anomaly_02,-69.51263,102.817894,-56.889038
405,../data/pump/test/anomaly_id_02_00000045.wav,0,02,anomaly,anomaly_02,-5.641682,-95.10155,42.639282
406,../data/pump/test/anomaly_id_06_00000071.wav,0,06,anomaly,anomaly_06,64.09215,101.89553,12.697208
407,../data/pump/test/anomaly_id_00_00000116.wav,0,00,anomaly,anomaly_00,-134.55951,25.04864,69.98098
408,../data/pump/test/anomaly_id_00_00000102.wav,0,00,anomaly,anomaly_00,-11.14604,23.26894,-73.25237
409,../data/pump/test/anomaly_id_06_00000065.wav,0,06,anomaly,anomaly_06,-0.73166883,121.98632,-37.81205
410,../data/pump/test/anomaly_id_02_00000092.wav,0,02,anomaly,anomaly_02,22.196898,-30.161497,83.993126
411,../data/pump/test/anomaly_id_02_00000086.wav,0,02,anomaly,anomaly_02,11.302569,-147.69725,16.226711
412,../data/pump/test/anomaly_id_06_00000059.wav,0,06,anomaly,anomaly_06,49.255005,-110.841484,73.20048
413,../data/pump/test/anomaly_id_04_00000042.wav,0,04,anomaly,anomaly_04,-85.27848,-7.989744,22.16887
414,../data/pump/test/anomaly_id_00_00000089.wav,0,00,anomaly,anomaly_00,32.347034,60.6625,-47.54712
415,../data/pump/test/anomaly_id_04_00000056.wav,0,04,anomaly,anomaly_04,-52.066605,-22.179394,112.90764
416,../data/pump/test/anomaly_id_00_00000062.wav,0,00,anomaly,anomaly_00,-76.33463,94.84381,40.12298
417,../data/pump/test/anomaly_id_00_00000076.wav,0,00,anomaly,anomaly_00,41.75441,-105.173096,-36.16651
418,../data/pump/test/anomaly_id_04_00000081.wav,0,04,anomaly,anomaly_04,-87.599266,-59.396496,99.17238
419,../data/pump/test/anomaly_id_04_00000095.wav,0,04,anomaly,anomaly_04,-10.275363,-2.6671255,-67.52229
420,../data/pump/test/normal_id_06_00000023.wav,0,06,normal,normal_06,116.61454,-66.89328,-61.848545
421,../data/pump/test/normal_id_06_00000037.wav,0,06,normal,normal_06,-39.25104,1.1365249,-116.41074
422,../data/pump/test/normal_id_02_00000003.wav,0,02,normal,normal_02,-72.13649,-18.66674,68.491234
423,../data/pump/test/normal_id_02_00000017.wav,0,02,normal,normal_02,-40.127472,34.441998,11.630942
424,../data/pump/test/normal_id_02_00000032.wav,0,02,normal,normal_02,-12.825329,-59.30144,-91.760475
425,../data/pump/test/normal_id_02_00000026.wav,0,02,normal,normal_02,-83.45898,-27.447527,0.9590435
426,../data/pump/test/normal_id_06_00000012.wav,0,06,normal,normal_06,-41.009426,-16.204865,-73.40376
427,../data/pump/test/normal_id_06_00000006.wav,0,06,normal,normal_06,-89.941605,-84.21782,75.09617
428,../data/pump/test/anomaly_id_00_00000053.wav,0,00,anomaly,anomaly_00,-82.032455,45.148453,-92.18948
429,../data/pump/test/anomaly_id_00_00000047.wav,0,00,anomaly,anomaly_00,20.09149,81.72203,23.751417
430,../data/pump/test/anomaly_id_04_00000098.wav,0,04,anomaly,anomaly_04,31.076279,-71.89078,54.144726
431,../data/pump/test/anomaly_id_00_00000090.wav,0,00,anomaly,anomaly_00,85.4985,118.91661,0.67413646
432,../data/pump/test/anomaly_id_00_00000084.wav,0,00,anomaly,anomaly_00,68.40075,33.442078,108.742615
433,../data/pump/test/anomaly_id_04_00000073.wav,0,04,anomaly,anomaly_04,-52.105057,-109.21568,13.2346525
434,../data/pump/test/anomaly_id_02_00000100.wav,0,02,anomaly,anomaly_02,89.49428,23.402765,-8.968141
435,../data/pump/test/anomaly_id_04_00000067.wav,0,04,anomaly,anomaly_04,131.73785,5.5259094,-70.072044
436,../data/pump/test/anomaly_id_06_00000040.wav,0,06,anomaly,anomaly_06,-96.50144,-87.811,-58.205666
437,../data/pump/test/anomaly_id_00_00000127.wav,0,00,anomaly,anomaly_00,-5.703665,-50.30625,-67.9811
438,../data/pump/test/anomaly_id_00_00000133.wav,0,00,anomaly,anomaly_00,-129.3419,-70.21432,11.637148
439,../data/pump/test/anomaly_id_06_00000054.wav,0,06,anomaly,anomaly_06,50.38888,-113.21507,38.886177
440,../data/pump/test/anomaly_id_06_00000068.wav,0,06,anomaly,anomaly_06,-4.185902,-67.73816,19.581997
441,../data/pump/test/anomaly_id_06_00000083.wav,0,06,anomaly,anomaly_06,10.134468,110.17116,-67.6093
442,../data/pump/test/anomaly_id_02_00000048.wav,0,02,anomaly,anomaly_02,144.06648,-35.104034,-35.358707
443,../data/pump/test/anomaly_id_06_00000097.wav,0,06,anomaly,anomaly_06,26.648073,7.8265047,-56.741783
444,../data/pump/test/anomaly_id_02_00000060.wav,0,02,anomaly,anomaly_02,-106.989624,-81.06562,-10.663266
445,../data/pump/test/anomaly_id_02_00000074.wav,0,02,anomaly,anomaly_02,-144.0821,18.99215,-29.54827
446,../data/pump/test/normal_id_04_00000009.wav,0,04,normal,normal_04,-79.71107,118.71772,-36.558357
447,../data/pump/test/normal_id_04_00000021.wav,0,04,normal,normal_04,78.164536,75.26858,-87.55676
448,../data/pump/test/normal_id_04_00000035.wav,0,04,normal,normal_04,98.608696,-33.49374,-112.39467
449,../data/pump/test/normal_id_00_00000001.wav,0,00,normal,normal_00,47.358795,131.60834,33.221222
450,../data/pump/test/normal_id_00_00000015.wav,0,00,normal,normal_00,46.882748,110.20454,-37.31514
451,../data/pump/test/normal_id_00_00000029.wav,0,00,normal,normal_00,85.04019,-12.802988,55.0292
452,../data/pump/test/normal_id_00_00000028.wav,0,00,normal,normal_00,55.52062,18.742321,88.27529
453,../data/pump/test/normal_id_00_00000014.wav,0,00,normal,normal_00,-10.023732,-81.35604,130.14297
454,../data/pump/test/normal_id_00_00000000.wav,0,00,normal,normal_00,89.74244,-65.30875,54.244766
455,../data/pump/test/normal_id_04_00000034.wav,0,04,normal,normal_04,77.260956,-49.10908,-15.826874
456,../data/pump/test/normal_id_04_00000020.wav,0,04,normal,normal_04,-97.656654,5.3903627,51.457287
457,../data/pump/test/normal_id_04_00000008.wav,0,04,normal,normal_04,-4.710241,129.41898,23.128548
458,../data/pump/test/anomaly_id_02_00000075.wav,0,02,anomaly,anomaly_02,-13.030825,111.42202,48.825085
459,../data/pump/test/anomaly_id_02_00000061.wav,0,02,anomaly,anomaly_02,-12.671739,131.34964,-69.558754
460,../data/pump/test/anomaly_id_02_00000049.wav,0,02,anomaly,anomaly_02,-70.79813,-76.973625,-49.6793
461,../data/pump/test/anomaly_id_06_00000096.wav,0,06,anomaly,anomaly_06,26.191328,-122.8387,-3.2223375
462,../data/pump/test/anomaly_id_06_00000082.wav,0,06,anomaly,anomaly_06,-22.746817,123.14969,87.965996
463,../data/pump/test/anomaly_id_06_00000069.wav,0,06,anomaly,anomaly_06,-1.389087,-44.294437,-145.63472
464,../data/pump/test/anomaly_id_00_00000132.wav,0,00,anomaly,anomaly_00,36.64368,79.562096,89.170334
465,../data/pump/test/anomaly_id_06_00000055.wav,0,06,anomaly,anomaly_06,-74.78566,-88.57967,-89.45935
466,../data/pump/test/anomaly_id_06_00000041.wav,0,06,anomaly,anomaly_06,17.49149,-98.59385,-16.047956
467,../data/pump/test/anomaly_id_00_00000126.wav,0,00,anomaly,anomaly_00,75.29632,118.2602,-31.584671
468,../data/pump/test/anomaly_id_02_00000101.wav,0,02,anomaly,anomaly_02,-44.87194,112.597435,4.372667
469,../data/pump/test/anomaly_id_04_00000066.wav,0,04,anomaly,anomaly_04,31.050787,30.74444,-78.59157
470,../data/pump/test/anomaly_id_04_00000072.wav,0,04,anomaly,anomaly_04,18.190004,75.4676,-5.658067
471,../data/pump/test/anomaly_id_00_00000085.wav,0,00,anomaly,anomaly_00,31.30633,-111.083405,98.66191
472,../data/pump/test/anomaly_id_00_00000091.wav,0,00,anomaly,anomaly_00,-111.69671,-45.883087,8.76057
473,../data/pump/test/anomaly_id_00_00000046.wav,0,00,anomaly,anomaly_00,-104.81776,-46.12479,-37.429348
474,../data/pump/test/anomaly_id_04_00000099.wav,0,04,anomaly,anomaly_04,1.7773432,113.65414,-2.3077006
475,../data/pump/test/anomaly_id_00_00000052.wav,0,00,anomaly,anomaly_00,-16.690626,-28.10685,62.627354
476,../data/pump/test/normal_id_06_00000007.wav,0,06,normal,normal_06,-20.442368,105.39529,17.782463
477,../data/pump/test/normal_id_06_00000013.wav,0,06,normal,normal_06,21.75501,1.892676,-121.505875
478,../data/pump/test/normal_id_02_00000027.wav,0,02,normal,normal_02,22.572666,25.197592,80.240204
479,../data/pump/test/normal_id_02_00000033.wav,0,02,normal,normal_02,-30.268154,-56.651093,-64.97054
480,../data/pump/test/normal_id_02_00000019.wav,0,02,normal,normal_02,-33.250378,-109.46517,-33.51472
481,../data/pump/test/normal_id_02_00000025.wav,0,02,normal,normal_02,-67.15843,31.50414,-125.09841
482,../data/pump/test/normal_id_02_00000031.wav,0,02,normal,normal_02,61.505363,-88.04805,-64.548386
483,../data/pump/test/normal_id_06_00000005.wav,0,06,normal,normal_06,33.1563,21.054266,135.91122
484,../data/pump/test/normal_id_06_00000011.wav,0,06,normal,normal_06,-86.16792,-71.004776,46.494072
485,../data/pump/test/normal_id_06_00000039.wav,0,06,normal,normal_06,21.444496,121.31532,-19.454414
486,../data/pump/test/anomaly_id_00_00000044.wav,0,00,anomaly,anomaly_00,-58.837784,22.661854,23.30366
487,../data/pump/test/anomaly_id_00_00000050.wav,0,00,anomaly,anomaly_00,48.288383,140.05916,-30.161198
488,../data/pump/test/anomaly_id_00_00000078.wav,0,00,anomaly,anomaly_00,-113.173325,64.55301,-73.75303
489,../data/pump/test/anomaly_id_04_00000058.wav,0,04,anomaly,anomaly_04,-24.217735,54.85723,48.83113
490,../data/pump/test/anomaly_id_00_00000087.wav,0,00,anomaly,anomaly_00,-14.228239,-122.01628,-51.40175
491,../data/pump/test/anomaly_id_00_00000093.wav,0,00,anomaly,anomaly_00,-7.2552066,-44.766403,147.13766
492,../data/pump/test/anomaly_id_04_00000064.wav,0,04,anomaly,anomaly_04,-37.57465,-21.044226,-100.96685
493,../data/pump/test/anomaly_id_02_00000103.wav,0,02,anomaly,anomaly_02,45.06516,80.64379,-39.884094
494,../data/pump/test/anomaly_id_04_00000070.wav,0,04,anomaly,anomaly_04,64.92757,61.455517,126.70789
495,../data/pump/test/anomaly_id_06_00000057.wav,0,06,anomaly,anomaly_06,82.08085,51.583523,-7.8506107
496,../data/pump/test/anomaly_id_02_00000088.wav,0,02,anomaly,anomaly_02,32.003532,69.39301,-119.59122
497,../data/pump/test/anomaly_id_00_00000130.wav,0,00,anomaly,anomaly_00,46.878166,-85.25288,31.660494
498,../data/pump/test/anomaly_id_00_00000124.wav,0,00,anomaly,anomaly_00,-120.043015,-77.15528,42.84623
499,../data/pump/test/anomaly_id_06_00000043.wav,0,06,anomaly,anomaly_06,-115.24462,-60.440964,-63.819416
500,../data/pump/test/anomaly_id_00_00000118.wav,0,00,anomaly,anomaly_00,92.62019,33.33007,39.068707
501,../data/pump/test/anomaly_id_06_00000094.wav,0,06,anomaly,anomaly_06,-131.9216,52.080685,-27.978617
502,../data/pump/test/anomaly_id_06_00000080.wav,0,06,anomaly,anomaly_06,41.411892,101.77034,30.906834
503,../data/pump/test/anomaly_id_02_00000077.wav,0,02,anomaly,anomaly_02,-24.112785,6.155481,40.066803
504,../data/pump/test/anomaly_id_02_00000063.wav,0,02,anomaly,anomaly_02,-104.594124,-50.051476,40.465218
505,../data/pump/test/normal_id_04_00000036.wav,0,04,normal,normal_04,38.847595,-5.826207,144.06883
506,../data/pump/test/normal_id_04_00000022.wav,0,04,normal,normal_04,-98.74046,-28.33872,65.78238
507,../data/pump/test/normal_id_00_00000016.wav,0,00,normal,normal_00,46.18007,-37.753567,-54.29034
508,../data/pump/test/normal_id_00_00000002.wav,0,00,normal,normal_00,-23.693851,-27.216078,14.091599
509,../data/pump/test/normal_id_00_00000003.wav,0,00,normal,normal_00,-146.66808,-41.887505,3.380012
510,../data/pump/test/normal_id_00_00000017.wav,0,00,normal,normal_00,16.677078,-52.36882,18.421072
511,../data/pump/test/normal_id_04_00000023.wav,0,04,normal,normal_04,116.49219,11.121973,1.6680465
512,../data/pump/test/normal_id_04_00000037.wav,0,04,normal,normal_04,-52.39092,54.81968,-79.62484
513,../data/pump/test/anomaly_id_02_00000062.wav,0,02,anomaly,anomaly_02,-61.515266,-103.45679,-68.57647
514,../data/pump/test/anomaly_id_02_00000076.wav,0,02,anomaly,anomaly_02,40.270603,47.70414,-98.23032
515,../data/pump/test/anomaly_id_06_00000081.wav,0,06,anomaly,anomaly_06,124.57307,-57.272224,-32.96168
516,../data/pump/test/anomaly_id_06_00000095.wav,0,06,anomaly,anomaly_06,-21.708603,102.738525,-9.238635
517,../data/pump/test/anomaly_id_00_00000119.wav,0,00,anomaly,anomaly_00,-47.381775,-93.01504,-112.34843
518,../data/pump/test/anomaly_id_00_00000125.wav,0,00,anomaly,anomaly_00,-55.01656,24.406906,-5.0967693
519,../data/pump/test/anomaly_id_06_00000042.wav,0,06,anomaly,anomaly_06,-75.55645,-56.28489,-30.225565
520,../data/pump/test/anomaly_id_06_00000056.wav,0,06,anomaly,anomaly_06,-40.40373,29.563978,-126.14499
521,../data/pump/test/anomaly_id_00_00000131.wav,0,00,anomaly,anomaly_00,124.11502,-31.284025,-59.992447
522,../data/pump/test/anomaly_id_02_00000089.wav,0,02,anomaly,anomaly_02,7.467979,-73.75086,103.41748
523,../data/pump/test/anomaly_id_04_00000071.wav,0,04,anomaly,anomaly_04,-91.53132,-33.908524,23.06441
524,../data/pump/test/anomaly_id_04_00000065.wav,0,04,anomaly,anomaly_04,79.099915,7.38595,-95.81099
525,../data/pump/test/anomaly_id_02_00000102.wav,0,02,anomaly,anomaly_02,-1.3654345,-115.80953,-24.022564
526,../data/pump/test/anomaly_id_00_00000092.wav,0,00,anomaly,anomaly_00,37.792248,-149.67671,-6.080808
527,../data/pump/test/anomaly_id_04_00000059.wav,0,04,anomaly,anomaly_04,-24.070162,79.44969,-18.0961
528,../data/pump/test/anomaly_id_00_00000086.wav,0,00,anomaly,anomaly_00,50.37591,-82.68776,71.43666
529,../data/pump/test/anomaly_id_00_00000079.wav,0,00,anomaly,anomaly_00,-38.91648,-109.080765,100.34501
530,../data/pump/test/anomaly_id_00_00000051.wav,0,00,anomaly,anomaly_00,-137.81772,-40.500862,-44.30087
531,../data/pump/test/anomaly_id_00_00000045.wav,0,00,anomaly,anomaly_00,-15.875437,-92.88539,-22.3991
532,../data/pump/test/normal_id_06_00000038.wav,0,06,normal,normal_06,98.6334,-73.91933,-15.6661825
533,../data/pump/test/normal_id_06_00000010.wav,0,06,normal,normal_06,26.109573,-13.416827,104.68723
534,../data/pump/test/normal_id_06_00000004.wav,0,06,normal,normal_06,-15.345479,54.902897,-58.529972
535,../data/pump/test/normal_id_02_00000030.wav,0,02,normal,normal_02,-28.577795,8.434197,-57.920223
536,../data/pump/test/normal_id_02_00000024.wav,0,02,normal,normal_02,41.382576,42.53275,-5.9447517
537,../data/pump/test/normal_id_02_00000018.wav,0,02,normal,normal_02,59.94016,-104.34898,12.790978
538,../data/pump/test/normal_id_02_00000020.wav,0,02,normal,normal_02,77.395355,-13.518048,28.677317
539,../data/pump/test/normal_id_02_00000034.wav,0,02,normal,normal_02,6.371292,20.330011,-91.41332
540,../data/pump/test/normal_id_02_00000008.wav,0,02,normal,normal_02,77.38996,11.673505,16.247847
541,../data/pump/test/normal_id_06_00000028.wav,0,06,normal,normal_06,89.708435,0.40324888,-2.923503
542,../data/pump/test/normal_id_06_00000000.wav,0,06,normal,normal_06,-82.93899,-95.99946,-6.7112436
543,../data/pump/test/normal_id_06_00000014.wav,0,06,normal,normal_06,-4.821626,5.920096,23.197062
544,../data/pump/test/anomaly_id_00_00000069.wav,0,00,anomaly,anomaly_00,-46.813255,3.2110903,-43.64362
545,../data/pump/test/anomaly_id_00_00000041.wav,0,00,anomaly,anomaly_00,4.3974023,-2.7037554,-84.81517
546,../data/pump/test/anomaly_id_00_00000055.wav,0,00,anomaly,anomaly_00,-3.4846063,59.621586,33.761917
547,../data/pump/test/anomaly_id_02_00000106.wav,0,02,anomaly,anomaly_02,12.173527,-1.0216006,4.4078293
548,../data/pump/test/anomaly_id_04_00000061.wav,0,04,anomaly,anomaly_04,-45.358883,-18.842747,-47.19016
549,../data/pump/test/anomaly_id_04_00000075.wav,0,04,anomaly,anomaly_04,101.746574,-67.91473,-87.60979
550,../data/pump/test/anomaly_id_00_00000082.wav,0,00,anomaly,anomaly_00,-2.0170562,19.448957,-0.13100207
551,../data/pump/test/anomaly_id_04_00000049.wav,0,04,anomaly,anomaly_04,-23.134825,-151.44978,-25.364809
552,../data/pump/test/anomaly_id_00_00000096.wav,0,00,anomaly,anomaly_00,-25.126139,34.28747,30.683575
553,../data/pump/test/anomaly_id_00_00000109.wav,0,00,anomaly,anomaly_00,20.182442,-22.393677,-82.352455
554,../data/pump/test/anomaly_id_00_00000135.wav,0,00,anomaly,anomaly_00,-23.73966,-1.4720029,-83.10564
555,../data/pump/test/anomaly_id_06_00000052.wav,0,06,anomaly,anomaly_06,-52.467445,76.1562,-36.43731
556,../data/pump/test/anomaly_id_06_00000046.wav,0,06,anomaly,anomaly_06,-27.831543,-52.656666,-33.775352
557,../data/pump/test/anomaly_id_00_00000121.wav,0,00,anomaly,anomaly_00,55.042038,-10.403527,22.227612
558,../data/pump/test/anomaly_id_02_00000099.wav,0,02,anomaly,anomaly_02,29.792915,42.899155,-25.776997
559,../data/pump/test/anomaly_id_02_00000072.wav,0,02,anomaly,anomaly_02,114.06776,-1.9051193,-149.09642
560,../data/pump/test/anomaly_id_02_00000066.wav,0,02,anomaly,anomaly_02,-46.242493,113.01278,-21.052374
561,../data/pump/test/anomaly_id_06_00000091.wav,0,06,anomaly,anomaly_06,6.100649,-163.30083,-31.156141
562,../data/pump/test/anomaly_id_06_00000085.wav,0,06,anomaly,anomaly_06,-35.633457,-11.938023,1.7014551
563,../data/pump/test/normal_id_04_00000033.wav,0,04,normal,normal_04,-0.75120807,-42.514442,-7.9068975
564,../data/pump/test/normal_id_04_00000027.wav,0,04,normal,normal_04,-2.88569,-14.892431,12.278421
565,../data/pump/test/normal_id_00_00000013.wav,0,00,normal,normal_00,33.043167,-13.2693615,20.812748
566,../data/pump/test/normal_id_00_00000007.wav,0,00,normal,normal_00,-12.279552,-22.560368,-6.299394
567,../data/pump/test/normal_id_00_00000006.wav,0,00,normal,normal_00,15.36751,41.3809,65.96526
568,../data/pump/test/normal_id_00_00000012.wav,0,00,normal,normal_00,-29.595121,-28.06492,37.263718
569,../data/pump/test/normal_id_04_00000026.wav,0,04,normal,normal_04,-7.845721,-25.757427,-64.42016
570,../data/pump/test/normal_id_04_00000032.wav,0,04,normal,normal_04,-9.544892,3.5595894,56.013412
571,../data/pump/test/anomaly_id_06_00000084.wav,0,06,anomaly,anomaly_06,4.579728,3.2210605,127.39982
572,../data/pump/test/anomaly_id_06_00000090.wav,0,06,anomaly,anomaly_06,-11.6098385,61.8981,-2.5028694
573,../data/pump/test/anomaly_id_02_00000067.wav,0,02,anomaly,anomaly_02,58.146683,11.885075,6.7526174
574,../data/pump/test/anomaly_id_02_00000073.wav,0,02,anomaly,anomaly_02,-30.298286,13.928104,20.345652
575,../data/pump/test/anomaly_id_06_00000047.wav,0,06,anomaly,anomaly_06,-68.91194,-54.782185,-63.695232
576,../data/pump/test/anomaly_id_02_00000098.wav,0,02,anomaly,anomaly_02,-82.87893,35.93276,85.55335
577,../data/pump/test/anomaly_id_00_00000120.wav,0,00,anomaly,anomaly_00,45.536163,-108.141045,-12.298857
578,../data/pump/test/anomaly_id_00_00000134.wav,0,00,anomaly,anomaly_00,-90.11916,18.817833,-4.6177206
579,../data/pump/test/anomaly_id_06_00000053.wav,0,06,anomaly,anomaly_06,46.2133,202.34312,-257.4834
580,../data/pump/test/anomaly_id_00_00000108.wav,0,00,anomaly,anomaly_00,-295.94516,-6.550735,-296.48697
581,../data/pump/test/anomaly_id_04_00000048.wav,0,04,anomaly,anomaly_04,10.0550585,-19.795074,-8.891018
582,../data/pump/test/anomaly_id_00_00000097.wav,0,00,anomaly,anomaly_00,-46.45354,34.551357,36.854324
583,../data/pump/test/anomaly_id_00_00000083.wav,0,00,anomaly,anomaly_00,-19.976257,107.62459,-242.288
584,../data/pump/test/anomaly_id_04_00000074.wav,0,04,anomaly,anomaly_04,-77.532555,28.496017,13.404337
585,../data/pump/test/anomaly_id_02_00000107.wav,0,02,anomaly,anomaly_02,-57.226162,-44.83331,-0.06805106
586,../data/pump/test/anomaly_id_04_00000060.wav,0,04,anomaly,anomaly_04,14.161653,12.915162,-12.089708
587,../data/pump/test/anomaly_id_00_00000054.wav,0,00,anomaly,anomaly_00,-81.42288,66.23061,-45.86269
588,../data/pump/test/anomaly_id_00_00000040.wav,0,00,anomaly,anomaly_00,5.3375216,-31.53941,-27.355043
589,../data/pump/test/anomaly_id_00_00000068.wav,0,00,anomaly,anomaly_00,10.754033,-5.6626396,-26.223146
590,../data/pump/test/normal_id_06_00000015.wav,0,06,normal,normal_06,-30.584831,35.9015,-72.69225
591,../data/pump/test/normal_id_06_00000001.wav,0,06,normal,normal_06,-57.629498,56.995094,-108.64321
592,../data/pump/test/normal_id_06_00000029.wav,0,06,normal,normal_06,51.55498,51.68742,38.452213
593,../data/pump/test/normal_id_02_00000009.wav,0,02,normal,normal_02,-110.6153,24.793537,3.6430788
594,../data/pump/test/normal_id_02_00000035.wav,0,02,normal,normal_02,-18.203861,1.7654636,6.3817687
595,../data/pump/test/normal_id_02_00000021.wav,0,02,normal,normal_02,-164.7204,127.827835,33.335217
596,../data/pump/test/normal_id_02_00000037.wav,0,02,normal,normal_02,26.41734,-113.14691,27.911152
597,../data/pump/test/normal_id_02_00000023.wav,0,02,normal,normal_02,81.35174,33.97965,71.088165
598,../data/pump/test/normal_id_06_00000017.wav,0,06,normal,normal_06,-34.09629,-7.895101,24.451292
599,../data/pump/test/normal_id_06_00000003.wav,0,06,normal,normal_06,32.204395,-17.440565,-1.3379248
600,../data/pump/test/anomaly_id_00_00000056.wav,0,00,anomaly,anomaly_00,71.12464,-12.375691,-55.83121
601,../data/pump/test/anomaly_id_04_00000089.wav,0,04,anomaly,anomaly_04,13.5374775,-32.331738,59.61375
602,../data/pump/test/anomaly_id_00_00000042.wav,0,00,anomaly,anomaly_00,-4.057239,-65.76678,-3.9796515
603,../data/pump/test/anomaly_id_04_00000076.wav,0,04,anomaly,anomaly_04,11.142322,33.015484,-22.526386
604,../data/pump/test/anomaly_id_04_00000062.wav,0,04,anomaly,anomaly_04,-68.46922,16.626719,45.895576
605,../data/pump/test/anomaly_id_02_00000105.wav,0,02,anomaly,anomaly_02,53.087456,-56.71712,75.0377
606,../data/pump/test/anomaly_id_00_00000095.wav,0,00,anomaly,anomaly_00,-25.794062,-37.24991,-82.63803
607,../data/pump/test/anomaly_id_00_00000081.wav,0,00,anomaly,anomaly_00,110.27718,105.778336,-14.048092
608,../data/pump/test/anomaly_id_06_00000079.wav,0,06,anomaly,anomaly_06,66.65124,-94.33033,-12.897811
609,../data/pump/test/anomaly_id_00_00000122.wav,0,00,anomaly,anomaly_00,-47.163223,8.086645,7.41404
610,../data/pump/test/anomaly_id_06_00000045.wav,0,06,anomaly,anomaly_06,69.1541,17.00102,135.1801
611,../data/pump/test/anomaly_id_06_00000051.wav,0,06,anomaly,anomaly_06,50.17455,62.514874,65.0153
612,../data/pump/test/anomaly_id_00_00000136.wav,0,00,anomaly,anomaly_00,-52.632874,-3.4254587,51.226597
613,../data/pump/test/anomaly_id_02_00000065.wav,0,02,anomaly,anomaly_02,-10.629377,78.95608,-104.80519
614,../data/pump/test/anomaly_id_02_00000071.wav,0,02,anomaly,anomaly_02,-29.619661,-98.16448,-58.526794
615,../data/pump/test/anomaly_id_02_00000059.wav,0,02,anomaly,anomaly_02,-70.47124,34.649986,-33.90874
616,../data/pump/test/anomaly_id_06_00000086.wav,0,06,anomaly,anomaly_06,-63.379044,-20.485023,-57.990494
617,../data/pump/test/anomaly_id_06_00000092.wav,0,06,anomaly,anomaly_06,-35.138397,35.68858,-10.827798
618,../data/pump/test/normal_id_04_00000024.wav,0,04,normal,normal_04,69.95466,-33.823124,-34.1863
619,../data/pump/test/normal_id_04_00000030.wav,0,04,normal,normal_04,-69.97619,-4.9131217,-40.88781
620,../data/pump/test/normal_id_04_00000018.wav,0,04,normal,normal_04,-5.5318685,-1.241336,-104.15613
621,../data/pump/test/normal_id_00_00000038.wav,0,00,normal,normal_00,245.88516,12.399157,36.540382
622,../data/pump/test/normal_id_00_00000004.wav,0,00,normal,normal_00,45.710636,40.186707,-43.438747
623,../data/pump/test/normal_id_00_00000010.wav,0,00,normal,normal_00,13.903407,-0.8675356,76.777374
624,../data/pump/test/normal_id_00_00000011.wav,0,00,normal,normal_00,116.00274,38.79193,-29.648237
625,../data/pump/test/normal_id_00_00000005.wav,0,00,normal,normal_00,-91.8727,33.452152,-118.93114
626,../data/pump/test/normal_id_00_00000039.wav,0,00,normal,normal_00,-75.013504,-20.999813,-78.30956
627,../data/pump/test/normal_id_04_00000019.wav,0,04,normal,normal_04,27.887335,-45.626846,-70.42222
628,../data/pump/test/normal_id_04_00000031.wav,0,04,normal,normal_04,-4.271371,-0.3794072,-11.036762
629,../data/pump/test/normal_id_04_00000025.wav,0,04,normal,normal_04,117.189,-83.10078,-29.317093
630,../data/pump/test/anomaly_id_06_00000093.wav,0,06,anomaly,anomaly_06,47.912228,-8.199935,42.70634
631,../data/pump/test/anomaly_id_02_00000058.wav,0,02,anomaly,anomaly_02,-23.064703,32.006073,-52.913876
632,../data/pump/test/anomaly_id_06_00000087.wav,0,06,anomaly,anomaly_06,-53.904934,-18.136398,11.022678
633,../data/pump/test/anomaly_id_02_00000070.wav,0,02,anomaly,anomaly_02,51.24155,-7.5907736,80.47374
634,../data/pump/test/anomaly_id_02_00000064.wav,0,02,anomaly,anomaly_02,47.550636,-20.967426,97.84328
635,../data/pump/test/anomaly_id_06_00000050.wav,0,06,anomaly,anomaly_06,-65.75584,128.6949,-16.078932
636,../data/pump/test/anomaly_id_00_00000137.wav,0,00,anomaly,anomaly_00,4.05798,26.500666,-52.544212
637,../data/pump/test/anomaly_id_00_00000123.wav,0,00,anomaly,anomaly_00,57.42562,58.877094,-3.0573413
638,../data/pump/test/anomaly_id_06_00000044.wav,0,06,anomaly,anomaly_06,-96.61702,28.017527,-26.446058
639,../data/pump/test/anomaly_id_06_00000078.wav,0,06,anomaly,anomaly_06,36.934376,27.842073,14.236678
640,../data/pump/test/anomaly_id_00_00000080.wav,0,00,anomaly,anomaly_00,-63.429157,-6.820825,-6.780004
641,../data/pump/test/anomaly_id_00_00000094.wav,0,00,anomaly,anomaly_00,-76.36059,-40.79919,46.1647
642,../data/pump/test/anomaly_id_04_00000063.wav,0,04,anomaly,anomaly_04,54.292137,-58.173294,127.55265
643,../data/pump/test/anomaly_id_02_00000104.wav,0,02,anomaly,anomaly_02,128.30957,-6.1745367,-41.891537
644,../data/pump/test/anomaly_id_02_00000110.wav,0,02,anomaly,anomaly_02,-64.87778,0.8038401,-71.16693
645,../data/pump/test/anomaly_id_04_00000077.wav,0,04,anomaly,anomaly_04,43.894196,75.995056,-88.816
646,../data/pump/test/anomaly_id_00_00000043.wav,0,00,anomaly,anomaly_00,10.702942,-28.216797,32.05464
647,../data/pump/test/anomaly_id_00_00000057.wav,0,00,anomaly,anomaly_00,-126.65916,57.82621,24.287024
648,../data/pump/test/anomaly_id_04_00000088.wav,0,04,anomaly,anomaly_04,64.667984,22.219751,-27.067827
649,../data/pump/test/normal_id_06_00000002.wav,0,06,normal,normal_06,-18.534012,108.79101,-96.81995
650,../data/pump/test/normal_id_06_00000016.wav,0,06,normal,normal_06,66.03398,32.98555,-1.8020455
651,../data/pump/test/normal_id_02_00000022.wav,0,02,normal,normal_02,-25.40172,17.029444,-9.161852
652,../data/pump/test/normal_id_02_00000036.wav,0,02,normal,normal_02,39.047424,-60.02199,0.2962067
653,../data/pump/test/normal_id_02_00000079.wav,0,02,normal,normal_02,52.510723,-5.264536,-22.367594
654,../data/pump/test/normal_id_02_00000051.wav,0,02,normal,normal_02,11.767985,-114.960915,70.44395
655,../data/pump/test/normal_id_02_00000045.wav,0,02,normal,normal_02,88.71668,-105.03683,-64.285995
656,../data/pump/test/normal_id_06_00000071.wav,0,06,normal,normal_06,33.115902,-3.3624642,-39.3628
657,../data/pump/test/normal_id_06_00000065.wav,0,06,normal,normal_06,-0.13927187,67.18265,-131.72139
658,../data/pump/test/normal_id_02_00000092.wav,0,02,normal,normal_02,-91.67164,91.41271,65.49451
659,../data/pump/test/normal_id_06_00000059.wav,0,06,normal,normal_06,134.2299,-1.0051357,71.016304
660,../data/pump/test/normal_id_02_00000086.wav,0,02,normal,normal_02,-101.00687,45.699493,13.396465
661,../data/pump/test/anomaly_id_00_00000030.wav,0,00,anomaly,anomaly_00,-67.15894,-31.136728,-14.150418
662,../data/pump/test/anomaly_id_00_00000024.wav,0,00,anomaly,anomaly_00,6.915521,42.19406,-82.68425
663,../data/pump/test/anomaly_id_00_00000018.wav,0,00,anomaly,anomaly_00,-41.408714,99.76757,72.01373
664,../data/pump/test/anomaly_id_04_00000038.wav,0,04,anomaly,anomaly_04,30.467323,22.990705,103.597115
665,../data/pump/test/anomaly_id_04_00000010.wav,0,04,anomaly,anomaly_04,-58.959835,-131.40594,-45.65533
666,../data/pump/test/anomaly_id_04_00000004.wav,0,04,anomaly,anomaly_04,31.546259,-0.2987818,-89.19251
667,../data/pump/test/anomaly_id_06_00000023.wav,0,06,anomaly,anomaly_06,101.16551,-22.89874,110.804344
668,../data/pump/test/anomaly_id_06_00000037.wav,0,06,anomaly,anomaly_06,-29.91195,-102.79436,-86.900505
669,../data/pump/test/anomaly_id_02_00000003.wav,0,02,anomaly,anomaly_02,-122.22793,-87.03701,-38.188255
670,../data/pump/test/anomaly_id_02_00000017.wav,0,02,anomaly,anomaly_02,52.473747,-58.388252,-71.7766
671,../data/pump/test/normal_id_04_00000042.wav,0,04,normal,normal_04,-150.99263,-13.776456,24.277895
672,../data/pump/test/normal_id_04_00000056.wav,0,04,normal,normal_04,-127.540634,-59.871597,-20.54021
673,../data/pump/test/normal_id_00_00000089.wav,0,00,normal,normal_00,105.19222,-14.504438,76.94685
674,../data/pump/test/normal_id_00_00000062.wav,0,00,normal,normal_00,17.037714,55.57308,139.40472
675,../data/pump/test/normal_id_00_00000076.wav,0,00,normal,normal_00,1.4925206,-145.94035,-52.246883
676,../data/pump/test/normal_id_04_00000081.wav,0,04,normal,normal_04,16.98629,-28.642841,10.976697
677,../data/pump/test/normal_id_04_00000095.wav,0,04,normal,normal_04,-36.33179,125.2999,28.147707
678,../data/pump/test/normal_id_04_00000094.wav,0,04,normal,normal_04,-24.674475,-6.562694,-14.539059
679,../data/pump/test/normal_id_04_00000080.wav,0,04,normal,normal_04,25.296638,32.105793,48.48873
680,../data/pump/test/normal_id_00_00000077.wav,0,00,normal,normal_00,46.401623,15.927863,-9.009912
681,../data/pump/test/normal_id_00_00000063.wav,0,00,normal,normal_00,-131.22165,-32.078938,62.365753
682,../data/pump/test/normal_id_04_00000057.wav,0,04,normal,normal_04,66.188286,63.82318,96.0114
683,../data/pump/test/normal_id_00_00000088.wav,0,00,normal,normal_00,19.411314,7.4473815,57.27891
684,../data/pump/test/normal_id_04_00000043.wav,0,04,normal,normal_04,6.8615756,27.41382,151.5859
685,../data/pump/test/anomaly_id_02_00000016.wav,0,02,anomaly,anomaly_02,-116.83561,9.434201,-49.113693
686,../data/pump/test/anomaly_id_02_00000002.wav,0,02,anomaly,anomaly_02,-117.8056,-4.2790914,70.17289
687,../data/pump/test/anomaly_id_06_00000036.wav,0,06,anomaly,anomaly_06,-71.08672,-34.446224,-39.282063
688,../data/pump/test/anomaly_id_06_00000022.wav,0,06,anomaly,anomaly_06,-42.095406,61.163216,-24.273066
689,../data/pump/test/anomaly_id_04_00000005.wav,0,04,anomaly,anomaly_04,24.44373,43.245277,27.614923
690,../data/pump/test/anomaly_id_04_00000011.wav,0,04,anomaly,anomaly_04,32.63784,-86.82644,122.84317
691,../data/pump/test/anomaly_id_04_00000039.wav,0,04,anomaly,anomaly_04,134.8034,-57.704052,-0.21655634
692,../data/pump/test/anomaly_id_00_00000019.wav,0,00,anomaly,anomaly_00,4.4572678,100.942856,30.38595
693,../data/pump/test/anomaly_id_00_00000025.wav,0,00,anomaly,anomaly_00,78.26359,60.458366,-59.023666
694,../data/pump/test/anomaly_id_00_00000031.wav,0,00,anomaly,anomaly_00,69.12282,-129.33897,55.368027
695,../data/pump/test/normal_id_06_00000058.wav,0,06,normal,normal_06,-1.2185011,-92.39844,5.184854
696,../data/pump/test/normal_id_02_00000087.wav,0,02,normal,normal_02,-75.09058,61.301613,53.619656
697,../data/pump/test/normal_id_02_00000093.wav,0,02,normal,normal_02,46.555115,-51.674866,-28.922318
698,../data/pump/test/normal_id_06_00000064.wav,0,06,normal,normal_06,11.135725,19.268848,-142.22864
699,../data/pump/test/normal_id_06_00000070.wav,0,06,normal,normal_06,-3.601719,80.03673,130.08769
700,../data/pump/test/normal_id_02_00000044.wav,0,02,normal,normal_02,10.516154,-57.24027,43.012142
701,../data/pump/test/normal_id_02_00000050.wav,0,02,normal,normal_02,-20.718098,-146.92,8.024479
702,../data/pump/test/normal_id_02_00000078.wav,0,02,normal,normal_02,-46.77606,-59.500908,81.10115
703,../data/pump/test/normal_id_02_00000046.wav,0,02,normal,normal_02,14.837357,55.65541,106.35547
704,../data/pump/test/normal_id_06_00000099.wav,0,06,normal,normal_06,-38.670055,-107.11771,39.74297
705,../data/pump/test/normal_id_02_00000052.wav,0,02,normal,normal_02,-7.83637,38.205208,-38.579525
706,../data/pump/test/normal_id_06_00000066.wav,0,06,normal,normal_06,8.604273,126.31553,77.93991
707,../data/pump/test/normal_id_06_00000072.wav,0,06,normal,normal_06,-28.569336,-84.94633,59.35349
708,../data/pump/test/normal_id_02_00000085.wav,0,02,normal,normal_02,-63.076126,-38.036625,-103.28985
709,../data/pump/test/normal_id_02_00000091.wav,0,02,normal,normal_02,-108.26948,19.874128,82.68666
710,../data/pump/test/anomaly_id_00_00000027.wav,0,00,anomaly,anomaly_00,82.42374,-55.615414,6.0188994
711,../data/pump/test/anomaly_id_00_00000033.wav,0,00,anomaly,anomaly_00,-42.387806,18.648874,53.741238
712,../data/pump/test/anomaly_id_04_00000007.wav,0,04,anomaly,anomaly_04,-57.417393,47.014034,100.73358
713,../data/pump/test/anomaly_id_04_00000013.wav,0,04,anomaly,anomaly_04,88.25218,63.121693,40.602226
714,../data/pump/test/anomaly_id_06_00000034.wav,0,06,anomaly,anomaly_06,-76.905,-87.56005,12.894071
715,../data/pump/test/anomaly_id_06_00000020.wav,0,06,anomaly,anomaly_06,-30.182732,43.958782,-31.630566
716,../data/pump/test/anomaly_id_06_00000008.wav,0,06,anomaly,anomaly_06,95.445076,-26.383017,-7.142087
717,../data/pump/test/anomaly_id_02_00000028.wav,0,02,anomaly,anomaly_02,148.32901,0.85796195,-20.517645
718,../data/pump/test/anomaly_id_02_00000014.wav,0,02,anomaly,anomaly_02,-109.8229,31.269148,-90.6616
719,../data/pump/test/anomaly_id_02_00000000.wav,0,02,anomaly,anomaly_02,94.15048,58.445683,68.89097
720,../data/pump/test/normal_id_04_00000069.wav,0,04,normal,normal_04,-111.59074,-60.351097,69.406166
721,../data/pump/test/normal_id_04_00000055.wav,0,04,normal,normal_04,-17.542738,41.563717,2.6836727
722,../data/pump/test/normal_id_04_00000041.wav,0,04,normal,normal_04,0.082622275,-140.67876,50.401188
723,../data/pump/test/normal_id_00_00000075.wav,0,00,normal,normal_00,-3.5694778,-50.487022,-116.89797
724,../data/pump/test/normal_id_00_00000061.wav,0,00,normal,normal_00,-5.8951244,-38.327938,44.481396
725,../data/pump/test/normal_id_00_00000049.wav,0,00,normal,normal_00,-52.970203,-52.30894,-50.34604
726,../data/pump/test/normal_id_04_00000096.wav,0,04,normal,normal_04,11.477738,41.485683,-115.041176
727,../data/pump/test/normal_id_04_00000082.wav,0,04,normal,normal_04,-86.72977,-30.994528,-120.29734
728,../data/pump/test/normal_id_04_00000083.wav,0,04,normal,normal_04,64.44004,60.73356,-119.318436
729,../data/pump/test/normal_id_00_00000048.wav,0,00,normal,normal_00,67.954796,-26.793385,-106.96871
730,../data/pump/test/normal_id_04_00000097.wav,0,04,normal,normal_04,71.38981,44.84186,51.652985
731,../data/pump/test/normal_id_00_00000060.wav,0,00,normal,normal_00,6.112019,-71.10083,-52.77768
732,../data/pump/test/normal_id_00_00000074.wav,0,00,normal,normal_00,-68.01326,41.802113,-62.70234
733,../data/pump/test/normal_id_04_00000040.wav,0,04,normal,normal_04,-19.45072,-37.554424,-21.284874
734,../data/pump/test/normal_id_04_00000054.wav,0,04,normal,normal_04,30.184624,94.361046,-18.968512
735,../data/pump/test/normal_id_04_00000068.wav,0,04,normal,normal_04,-35.31191,71.218895,-126.05302
736,../data/pump/test/anomaly_id_02_00000001.wav,0,02,anomaly,anomaly_02,123.66136,32.430546,17.381264
737,../data/pump/test/anomaly_id_02_00000015.wav,0,02,anomaly,anomaly_02,-87.402275,-114.41647,-45.142635
738,../data/pump/test/anomaly_id_02_00000029.wav,0,02,anomaly,anomaly_02,88.326004,39.945946,-30.805254
739,../data/pump/test/anomaly_id_06_00000009.wav,0,06,anomaly,anomaly_06,-12.453328,-122.228775,28.368427
740,../data/pump/test/anomaly_id_06_00000021.wav,0,06,anomaly,anomaly_06,-48.571053,21.940994,-67.684845
741,../data/pump/test/anomaly_id_06_00000035.wav,0,06,anomaly,anomaly_06,6.3672266,57.880814,-17.342896
742,../data/pump/test/anomaly_id_04_00000012.wav,0,04,anomaly,anomaly_04,56.372528,-47.067493,30.224392
743,../data/pump/test/anomaly_id_04_00000006.wav,0,04,anomaly,anomaly_04,-32.888298,-47.448692,-111.491196
744,../data/pump/test/anomaly_id_00_00000032.wav,0,00,anomaly,anomaly_00,-4.623383,78.649956,-48.344894
745,../data/pump/test/anomaly_id_00_00000026.wav,0,00,anomaly,anomaly_00,-50.273895,86.74265,-14.127793
746,../data/pump/test/normal_id_02_00000090.wav,0,02,normal,normal_02,-7.771266,15.096946,-27.159142
747,../data/pump/test/normal_id_02_00000084.wav,0,02,normal,normal_02,77.00527,-13.213832,7.371894
748,../data/pump/test/normal_id_06_00000073.wav,0,06,normal,normal_06,78.954384,-22.07803,89.61271
749,../data/pump/test/normal_id_06_00000067.wav,0,06,normal,normal_06,-61.340576,9.491387,71.758865
750,../data/pump/test/normal_id_02_00000053.wav,0,02,normal,normal_02,25.149067,100.65538,6.8633866
751,../data/pump/test/normal_id_02_00000047.wav,0,02,normal,normal_02,-119.37223,84.19659,-32.31194
752,../data/pump/test/normal_id_06_00000098.wav,0,06,normal,normal_06,62.501934,74.91368,23.401417
753,../data/pump/test/normal_id_02_00000043.wav,0,02,normal,normal_02,-45.901596,5.874988,-87.5721
754,../data/pump/test/normal_id_02_00000057.wav,0,02,normal,normal_02,17.401756,58.375446,47.29195
755,../data/pump/test/normal_id_06_00000088.wav,0,06,normal,normal_06,-71.75747,-1.7645787,-128.48383
756,../data/pump/test/normal_id_02_00000080.wav,0,02,normal,normal_02,-50.72056,-94.0581,-42.538967
757,../data/pump/test/normal_id_02_00000094.wav,0,02,normal,normal_02,79.50973,-129.65523,3.8285522
758,../data/pump/test/normal_id_06_00000063.wav,0,06,normal,normal_06,-49.68022,35.788017,-45.978535
759,../data/pump/test/normal_id_06_00000077.wav,0,06,normal,normal_06,71.41208,78.02488,66.50393
760,../data/pump/test/anomaly_id_00_00000022.wav,0,00,anomaly,anomaly_00,59.046383,-63.3774,49.463722
761,../data/pump/test/anomaly_id_00_00000036.wav,0,00,anomaly,anomaly_00,84.9549,-100.57079,74.04882
762,../data/pump/test/anomaly_id_04_00000002.wav,0,04,anomaly,anomaly_04,-19.272709,44.556847,-142.7387
763,../data/pump/test/anomaly_id_04_00000016.wav,0,04,anomaly,anomaly_04,-92.05727,-17.520845,-50.64372
764,../data/pump/test/anomaly_id_06_00000019.wav,0,06,anomaly,anomaly_06,-0.71313477,-105.25049,107.625206
765,../data/pump/test/anomaly_id_06_00000031.wav,0,06,anomaly,anomaly_06,-15.805269,80.51522,23.661032
766,../data/pump/test/anomaly_id_00_00000142.wav,0,00,anomaly,anomaly_00,-84.7465,84.569145,-87.40619
767,../data/pump/test/anomaly_id_06_00000025.wav,0,06,anomaly,anomaly_06,-4.511198,85.59887,-76.789116
768,../data/pump/test/anomaly_id_02_00000011.wav,0,02,anomaly,anomaly_02,-50.947334,-47.49522,-26.393131
769,../data/pump/test/anomaly_id_02_00000005.wav,0,02,anomaly,anomaly_02,108.26597,44.790176,-9.146145
770,../data/pump/test/anomaly_id_02_00000039.wav,0,02,anomaly,anomaly_02,27.62313,-26.136095,-38.545624
771,../data/pump/test/normal_id_04_00000050.wav,0,04,normal,normal_04,-4.6650324,-54.4445,63.937828
772,../data/pump/test/normal_id_04_00000044.wav,0,04,normal,normal_04,-35.58293,-23.0749,-28.165533
773,../data/pump/test/normal_id_04_00000078.wav,0,04,normal,normal_04,-39.977776,-32.567856,-7.944841
774,../data/pump/test/normal_id_04_00000093.wav,0,04,normal,normal_04,50.86164,-49.242985,-115.10935
775,../data/pump/test/normal_id_00_00000058.wav,0,00,normal,normal_00,-56.185043,81.9867,57.702522
776,../data/pump/test/normal_id_04_00000087.wav,0,04,normal,normal_04,109.90696,27.494583,58.22232
777,../data/pump/test/normal_id_00_00000070.wav,0,00,normal,normal_00,-47.54726,55.949856,22.028349
778,../data/pump/test/normal_id_00_00000064.wav,0,00,normal,normal_00,-86.13253,-24.426815,96.34604
779,../data/pump/test/normal_id_00_00000065.wav,0,00,normal,normal_00,21.439081,-28.467451,-59.98492
780,../data/pump/test/normal_id_00_00000071.wav,0,00,normal,normal_00,50.166313,30.221155,40.37286
781,../data/pump/test/normal_id_00_00000059.wav,0,00,normal,normal_00,83.654976,-68.10248,-66.355225
782,../data/pump/test/normal_id_04_00000086.wav,0,04,normal,normal_04,-92.7599,-51.7327,-9.529729
783,../data/pump/test/normal_id_04_00000092.wav,0,04,normal,normal_04,117.33601,16.84311,-23.796103
784,../data/pump/test/normal_id_04_00000079.wav,0,04,normal,normal_04,-23.967192,-17.821661,-147.39742
785,../data/pump/test/normal_id_04_00000045.wav,0,04,normal,normal_04,-61.890034,-90.67969,60.29016
786,../data/pump/test/normal_id_04_00000051.wav,0,04,normal,normal_04,15.57935,15.307952,-36.61684
787,../data/pump/test/anomaly_id_02_00000038.wav,0,02,anomaly,anomaly_02,-22.85377,-68.29086,-17.702227
788,../data/pump/test/anomaly_id_02_00000004.wav,0,02,anomaly,anomaly_02,39.27098,-16.52755,-107.66183
789,../data/pump/test/anomaly_id_02_00000010.wav,0,02,anomaly,anomaly_02,97.13048,33.83922,13.449902
790,../data/pump/test/anomaly_id_06_00000024.wav,0,06,anomaly,anomaly_06,50.3161,-26.228785,-32.856663
791,../data/pump/test/anomaly_id_06_00000030.wav,0,06,anomaly,anomaly_06,-89.71037,85.178925,-7.025188
792,../data/pump/test/anomaly_id_06_00000018.wav,0,06,anomaly,anomaly_06,2.8867881,100.560234,105.66589
793,../data/pump/test/anomaly_id_04_00000017.wav,0,04,anomaly,anomaly_04,-67.711685,-85.54305,98.20424
794,../data/pump/test/anomaly_id_04_00000003.wav,0,04,anomaly,anomaly_04,-48.8836,22.63157,-27.000196
795,../data/pump/test/anomaly_id_00_00000037.wav,0,00,anomaly,anomaly_00,114.52882,3.2906353,101.668365
796,../data/pump/test/anomaly_id_00_00000023.wav,0,00,anomaly,anomaly_00,-34.905743,98.504166,-35.450035
797,../data/pump/test/normal_id_06_00000076.wav,0,06,normal,normal_06,137.97498,-7.388108,33.803463
798,../data/pump/test/normal_id_06_00000062.wav,0,06,normal,normal_06,27.053856,-98.87069,51.769466
799,../data/pump/test/normal_id_02_00000095.wav,0,02,normal,normal_02,-42.179157,-119.50532,67.44443
800,../data/pump/test/normal_id_02_00000081.wav,0,02,normal,normal_02,83.941765,-13.17845,-35.598454
801,../data/pump/test/normal_id_02_00000056.wav,0,02,normal,normal_02,-133.19775,53.247402,53.83117
802,../data/pump/test/normal_id_06_00000089.wav,0,06,normal,normal_06,-31.514368,-78.12362,105.173744
803,../data/pump/test/normal_id_02_00000042.wav,0,02,normal,normal_02,12.441165,-9.623746,-66.19398
804,../data/pump/test/normal_id_02_00000054.wav,0,02,normal,normal_02,29.289452,58.021057,8.452461
805,../data/pump/test/normal_id_02_00000040.wav,0,02,normal,normal_02,42.81667,-84.686165,-7.247925
806,../data/pump/test/normal_id_02_00000068.wav,0,02,normal,normal_02,11.996954,-40.50684,109.0759
807,../data/pump/test/normal_id_06_00000048.wav,0,06,normal,normal_06,-28.15045,39.75439,72.33054
808,../data/pump/test/normal_id_02_00000097.wav,0,02,normal,normal_02,19.990446,93.51189,-91.45981
809,../data/pump/test/normal_id_02_00000083.wav,0,02,normal,normal_02,35.600105,-105.10593,-65.00221
810,../data/pump/test/normal_id_06_00000074.wav,0,06,normal,normal_06,-51.33501,-34.63313,58.38465
811,../data/pump/test/normal_id_06_00000060.wav,0,06,normal,normal_06,-70.18175,11.364843,-25.957523
812,../data/pump/test/anomaly_id_00_00000009.wav,0,00,anomaly,anomaly_00,-8.994925,37.141792,-16.317738
813,../data/pump/test/anomaly_id_00_00000035.wav,0,00,anomaly,anomaly_00,107.89715,-48.393417,-11.954655
814,../data/pump/test/anomaly_id_00_00000021.wav,0,00,anomaly,anomaly_00,30.512878,-132.81026,-74.29774
815,../data/pump/test/anomaly_id_04_00000015.wav,0,04,anomaly,anomaly_04,52.278625,-32.16831,51.346695
816,../data/pump/test/anomaly_id_04_00000001.wav,0,04,anomaly,anomaly_04,24.189945,-49.621643,-123.244705
817,../data/pump/test/anomaly_id_04_00000029.wav,0,04,anomaly,anomaly_04,-1.1229496,-15.07215,72.257996
818,../data/pump/test/anomaly_id_06_00000026.wav,0,06,anomaly,anomaly_06,35.350178,-17.655514,65.4063
819,../data/pump/test/anomaly_id_00_00000141.wav,0,00,anomaly,anomaly_00,140.5723,22.459991,-47.076546
820,../data/pump/test/anomaly_id_06_00000032.wav,0,06,anomaly,anomaly_06,-60.706894,-63.596466,58.42902
821,../data/pump/test/anomaly_id_02_00000006.wav,0,02,anomaly,anomaly_02,54.126255,19.079012,-95.76957
822,../data/pump/test/anomaly_id_02_00000012.wav,0,02,anomaly,anomaly_02,131.47586,-34.077446,61.803905
823,../data/pump/test/normal_id_04_00000047.wav,0,04,normal,normal_04,49.91232,12.235862,26.727488
824,../data/pump/test/normal_id_00_00000098.wav,0,00,normal,normal_00,-15.205235,-79.10334,-72.00611
825,../data/pump/test/normal_id_04_00000053.wav,0,04,normal,normal_04,5.489627,63.134457,13.580373
826,../data/pump/test/normal_id_04_00000084.wav,0,04,normal,normal_04,-67.49331,-37.23127,20.761051
827,../data/pump/test/normal_id_04_00000090.wav,0,04,normal,normal_04,149.80276,44.536724,24.120714
828,../data/pump/test/normal_id_00_00000067.wav,0,00,normal,normal_00,70.27703,88.38542,-47.837757
829,../data/pump/test/normal_id_00_00000073.wav,0,00,normal,normal_00,21.876165,-88.11781,80.068344
830,../data/pump/test/normal_id_00_00000072.wav,0,00,normal,normal_00,88.27363,87.58529,22.114277
831,../data/pump/test/normal_id_00_00000066.wav,0,00,normal,normal_00,17.277828,-74.09636,2.4422681
832,../data/pump/test/normal_id_04_00000091.wav,0,04,normal,normal_04,29.756239,130.9465,-56.202724
833,../data/pump/test/normal_id_04_00000085.wav,0,04,normal,normal_04,19.013704,-69.47026,-101.652985
834,../data/pump/test/normal_id_04_00000052.wav,0,04,normal,normal_04,-57.24025,36.943474,68.99262
835,../data/pump/test/normal_id_04_00000046.wav,0,04,normal,normal_04,-128.87149,12.493849,-75.64789
836,../data/pump/test/normal_id_00_00000099.wav,0,00,normal,normal_00,-57.25774,-9.640083,141.22499
837,../data/pump/test/anomaly_id_02_00000013.wav,0,02,anomaly,anomaly_02,40.38013,-25.379686,-136.39474
838,../data/pump/test/anomaly_id_02_00000007.wav,0,02,anomaly,anomaly_02,-10.952426,-26.096098,120.612015
839,../data/pump/test/anomaly_id_06_00000033.wav,0,06,anomaly,anomaly_06,-141.75854,46.795086,0.5279813
840,../data/pump/test/anomaly_id_06_00000027.wav,0,06,anomaly,anomaly_06,71.56571,12.057517,-64.9429
841,../data/pump/test/anomaly_id_00_00000140.wav,0,00,anomaly,anomaly_00,70.17452,-23.692993,-13.127303
842,../data/pump/test/anomaly_id_04_00000028.wav,0,04,anomaly,anomaly_04,44.140804,97.2634,-63.26032
843,../data/pump/test/anomaly_id_04_00000000.wav,0,04,anomaly,anomaly_04,-36.58939,-72.01548,-93.34189
844,../data/pump/test/anomaly_id_04_00000014.wav,0,04,anomaly,anomaly_04,32.7686,5.989829,8.636658
845,../data/pump/test/anomaly_id_00_00000020.wav,0,00,anomaly,anomaly_00,31.639149,-39.30234,38.970512
846,../data/pump/test/anomaly_id_00_00000034.wav,0,00,anomaly,anomaly_00,34.896156,5.3346286,80.08211
847,../data/pump/test/anomaly_id_00_00000008.wav,0,00,anomaly,anomaly_00,108.57264,-43.886158,-83.71723
848,../data/pump/test/normal_id_06_00000061.wav,0,06,normal,normal_06,125.08999,-89.36913,-4.0745044
849,../data/pump/test/normal_id_06_00000075.wav,0,06,normal,normal_06,14.914348,-1.3926833,27.559938
850,../data/pump/test/normal_id_02_00000082.wav,0,02,normal,normal_02,94.90834,37.22043,-109.8819
851,../data/pump/test/normal_id_06_00000049.wav,0,06,normal,normal_06,44.761898,32.763092,-124.094734
852,../data/pump/test/normal_id_02_00000096.wav,0,02,normal,normal_02,-11.921739,-37.39548,-45.59188
853,../data/pump/test/normal_id_02_00000069.wav,0,02,normal,normal_02,-13.482035,-128.58505,84.7399
854,../data/pump/test/normal_id_02_00000041.wav,0,02,normal,normal_02,40.39555,-72.8943,97.47452
855,../data/pump/test/normal_id_02_00000055.wav,0,02,normal,normal_02,-94.366875,-73.41246,-34.78283
